title,seasons,genre,release_year.x,imdb_score,imdb_votes,runtime,release_year.y,outcome
Ganglands,1,Crime TV Shows,2021,7,2460,46,2021,Cancelled
Jailbirds New Orleans,1,Docuseries,2021,6.6,205,41,2021,Cancelled
Kota Factory,2,International TV Shows,2021,9.3,66985,42,2019,Renewed
Midnight Mass,1,TV Dramas,2021,7.7,102321,64,2021,Cancelled
The Great British Baking Show,9,British TV Shows,2021,8.6,9564,57,2010,Renewed
"Vendetta: Truth, Lies and The Mafia",1,Crime TV Shows,2021,6.7,232,39,2021,Cancelled
Bangkok Breaking,1,Crime TV Shows,2021,5.9,281,60,2021,Cancelled
Crime Stories: India Detectives,1,British TV Shows,2021,7.2,934,52,2021,Cancelled
Dear White People,4,TV Comedies,2021,6.1,24863,29,2017,Renewed
Falsa identidad,2,Crime TV Shows,2020,7,351,43,2018,Renewed
Jaguar,1,International TV Shows,2021,5.7,1718,43,2021,Cancelled
Monsters Inside: The 24 Faces of Billy Milligan,1,Crime TV Shows,2021,6.2,3038,61,2021,Cancelled
Resurrection: Ertugrul,5,International TV Shows,2018,7.9,35515,57,2014,Renewed
Love on the Spectrum,2,Docuseries,2021,8.6,5210,42,2019,Renewed
Chicago Party Aunt,1,TV Comedies,2021,5.3,1383,23,2021,Cancelled
Sex Education,3,British TV Shows,2020,8.3,251168,52,2019,Renewed
Squid Game,1,International TV Shows,2021,8,416738,54,2021,Cancelled
Chhota Bheem,3,Kids' TV,2021,4.1,822,22,2008,Renewed
He-Man and the Masters of the Universe,1,Kids' TV,2021,5.8,1618,26,2021,Cancelled
The Smart Money Woman,1,International TV Shows,2020,6.4,105,48,2020,Cancelled
Dharmakshetra,1,International TV Shows,2014,8.199999999999998,247,44,2014,Cancelled
Numberblocks,6,Kids' TV,2021,8.6,198,5,2017,Renewed
Saved by the Bell,9,Kids' TV,1994,7.1,34854,23,1989,Renewed
Stories by Rabindranath Tagore,1,International TV Shows,2015,8.8,1295,43,2015,Cancelled
Jack Whitehall: Travels with My Father,5,British TV Shows,2021,7.6,5388,46,2017,Renewed
The World's Most Amazing Vacation Rentals,2,Reality TV,2021,6.7,1278,35,2021,Renewed
Yowamushi Pedal,1,Anime Series,2013,7.7,808,24,2013,Cancelled
Lucifer,6,Crime TV Shows,2021,8.1,308291,47,2016,Renewed
Metal Shop Masters,1,Reality TV,2021,5.6,546,0,2021,Cancelled
Titipo Titipo,2,Kids' TV,2019,6.6,19,18,2018,Renewed
Mighty Raju,4,Kids' TV,2017,4.2,57,20,2010,Renewed
Into the Night,2,International TV Shows,2021,7.1,30746,36,2020,Renewed
The Circle,3,Reality TV,2021,7.3,6380,52,2020,Renewed
Kid Cosmic,2,Kids' TV,2021,7.9,1354,23,2021,Renewed
Octonauts: Above & Beyond,1,British TV Shows,2021,7.4,66,25,2021,Cancelled
On the Verge,1,TV Comedies,2021,6.5,2841,32,2021,Cancelled
Tobot Galaxy Detectives,2,Kids' TV,2019,7,13,13,2020,Renewed
Countdown: Inspiration4 Mission to Space,1,Docuseries,2021,7.9,1642,50,2021,Cancelled
Tayo the Little Bus,2,Kids' TV,2016,5.2,156,11,2010,Renewed
Dive Club,1,Kids' TV,2021,6.2,789,0,2021,Cancelled
Money Heist: From Tokyo to Berlin,1,Docuseries,2021,7.7,836,53,2021,Cancelled
Sharkdog,1,Kids' TV,2021,6.2,136,0,2021,Cancelled
Heroes of Goo Jit Zu,1,Kids' TV,2021,7.5,23,12,2019,Cancelled
Hotel Del Luna,1,International TV Shows,2019,8.199999999999998,7832,80,2019,Cancelled
Q-Force,1,Crime TV Shows,2021,6.4,4963,23,2021,Cancelled
Kuroko's Basketball,3,Anime Series,2015,8.3,8052,24,2012,Renewed
Major Dad,4,TV Comedies,1992,6.4,2866,24,1989,Renewed
Turning Point: 9/11 and the War on Terror,1,Docuseries,2021,8,8881,62,2021,Cancelled
Hometown Cha-Cha-Cha,1,International TV Shows,2021,8.5,9987,78,2021,Cancelled
The Ingenuity of the Househusband,1,International TV Shows,2021,6.7,396,6,2021,Cancelled
Bread Barbershop,2,Kids' TV,2020,7.3,125,11,2020,Renewed
I Heart Arlo,1,Kids' TV,2021,7,204,15,2021,Cancelled
Rebellion,2,International TV Shows,2016,7.1,3658,51,2016,Renewed
Titletown High,1,Reality TV,2021,5.4,318,34,2021,Cancelled
Family Reunion,4,Kids' TV,2021,6.4,2576,29,2019,Renewed
Clickbait,1,Crime TV Shows,2021,7.2,50140,46,2021,Cancelled
John of God: The Crimes of a Spiritual Healer,1,Crime TV Shows,2021,6.5,777,50,2021,Cancelled
Motel Makeover,1,International TV Shows,2021,4.8,688,30,2021,Cancelled
Open Your Eyes,1,International TV Shows,2021,6.5,1413,47,2021,Cancelled
Post Mortem: No One Dies in Skarnes,1,International TV Shows,2021,7.1,3229,45,2021,Cancelled
Wheel of Fortune,3,Reality TV,2019,6.7,3126,26,1983,Renewed
Manifest,3,TV Dramas,2021,7.1,50145,42,2018,Renewed
Everything Will Be Fine,1,International TV Shows,2021,6.2,335,32,2021,Cancelled
Korean Cold Noodle Rhapsody,1,Docuseries,2021,7.3,15,49,2021,Cancelled
The Chair,1,TV Comedies,2021,7.2,15894,30,2021,Cancelled
Go! Go! Cory Carson,5,Kids' TV,2021,7.9,238,9,2020,Renewed
The Defeated,1,Crime TV Shows,2020,7,5597,54,2020,Cancelled
Rascal Does Not Dream of Bunny Girl Senpai,1,Anime Series,2018,8.1,10400,25,2018,Cancelled
The Creative Indians,1,Docuseries,2020,8.3,45,28,2016,Cancelled
Winx Club,2,Kids' TV,2015,6.2,6700,23,2004,Renewed
Brand New Cherry Flavor,1,TV Dramas,2021,7.1,14449,43,2021,Cancelled
Fast & Furious Spy Racers,5,Kids' TV,2021,5.7,1444,26,2019,Renewed
Gone for Good,1,Crime TV Shows,2021,6.3,3863,49,2021,Cancelled
Grace and Frankie,7,TV Comedies,2021,8.199999999999998,48435,30,2015,Renewed
The Kingdom,1,Crime TV Shows,2021,6.5,1319,47,2021,Cancelled
Valeria,2,International TV Shows,2021,6.5,5510,41,2020,Renewed
AlRawabi School for Girls,1,International TV Shows,2021,7.4,5708,48,2021,Cancelled
Bake Squad,1,Reality TV,2021,6.9,651,38,2021,Cancelled
Gabby's Dollhouse,2,Kids' TV,2021,7.2,344,23,2021,Renewed
I Need Romance,1,International TV Shows,2021,7.8,24,45,2021,Cancelled
The Crowned Clown,1,International TV Shows,2019,8,880,75,2019,Cancelled
Hit & Run,1,TV Action & Adventure,2021,7.1,8367,49,2021,Cancelled
Navarasa,1,TV Shows,2021,5.9,3470,34,2021,Cancelled
Car Masters: Rust to Riches,3,Reality TV,2021,8.4,10024,39,2018,Renewed
Cocaine Cowboys: The Kings of Miami,1,Crime TV Shows,2021,7.1,2624,53,2021,Cancelled
Control Z,2,International TV Shows,2021,6.9,8235,36,2020,Renewed
Cooking With Paris,1,Reality TV,2021,5.2,1055,23,2021,Cancelled
Autumn's Concerto,1,International TV Shows,2009,7.9,475,58,2009,Cancelled
Office Girls,1,International TV Shows,2011,6.9,140,46,2011,Cancelled
The Prince Who Turns into a Frog,1,International TV Shows,2005,6.8,128,44,2005,Cancelled
Top Secret UFO Projects: Declassified,1,Docuseries,2021,5.5,1371,43,2021,Cancelled
Two Fathers,1,International TV Shows,2013,8,54,44,2013,Cancelled
30 Rock,7,TV Comedies,2012,8.3,121514,25,2006,Renewed
44 Cats,3,Kids' TV,2020,6.1,283,15,2018,Renewed
Friday Night Lights,5,TV Dramas,2010,8.699999999999998,64449,43,2006,Renewed
Charmed,3,TV Dramas,2021,4.5,16091,42,2018,Renewed
Centaurworld,1,Kids' TV,2021,7.6,1939,29,2021,Cancelled
Khawatir,1,International TV Shows,2009,9.6,3046,20,2005,Cancelled
Outer Banks,2,TV Action & Adventure,2021,7.5,43404,49,2020,Renewed
Tattoo Redo,1,Reality TV,2021,5.8,680,30,2021,Cancelled
The Flash,7,Crime TV Shows,2021,7.6,336888,42,2014,Renewed
The Snitch Cartel: Origins,1,Crime TV Shows,2021,5.6,182,48,2021,Cancelled
All American,3,TV Dramas,2021,7.6,9704,42,2018,Renewed
How to Sell Drugs Online (Fast),3,Crime TV Shows,2021,7.9,30734,32,2019,Renewed
The Walking Dead,10,Classic & Cult TV,2019,8.199999999999998,945125,46,2010,Renewed
Wynonna Earp,4,International TV Shows,2020,7.3,22256,43,2016,Renewed
Feels Like Ishq,1,International TV Shows,2021,6.4,1514,42,2021,Cancelled
Masters of the Universe: Revelation,1,TV Action & Adventure,2021,5.2,26127,26,2021,Cancelled
Sky Rojo,2,International TV Shows,2021,6.5,8569,27,2021,Renewed
The Movies That Made Us,2,Docuseries,2021,7.6,6147,47,2019,Renewed
Chicago Med,5,TV Dramas,2019,7.6,24142,41,2015,Renewed
Sexy Beasts,1,British TV Shows,2021,4.6,1105,23,2021,Cancelled
Too Hot to Handle: Brazil,1,International TV Shows,2021,5.4,443,56,2021,Cancelled
Okupas,1,Classic & Cult TV,2020,9,2326,40,2000,Cancelled
Touch Your Heart,1,Crime TV Shows,2019,7.7,3046,63,2019,Cancelled
Explained,3,Docuseries,2021,8,8831,21,2018,Renewed
Johnny Test,1,Kids' TV,2021,5.1,8172,18,2005,Cancelled
Naomi Osaka,1,Docuseries,2021,6.2,1287,37,2021,Cancelled
BEASTARS,2,Anime Series,2021,7.7,9440,23,2019,Renewed
Her Private Life,1,International TV Shows,2019,7.7,3665,74,2019,Cancelled
Never Have I Ever,2,TV Comedies,2021,7.8,45346,28,2020,Renewed
Heist,1,Crime TV Shows,2021,6.8,1698,43,2021,Cancelled
My Unorthodox Life,1,Reality TV,2021,5.5,1170,40,2021,Cancelled
Ridley Jones,1,Kids' TV,2021,4.7,223,28,2021,Cancelled
Atypical,4,TV Comedies,2021,8.3,81643,31,2017,Renewed
Biohackers,2,International TV Shows,2021,6.8,9346,42,2020,Renewed
How to Become a Tyrant,1,Docuseries,2021,7.4,8041,27,2021,Cancelled
The Cook of Castamar,1,International TV Shows,2021,7.4,3637,54,2021,Cancelled
Virgin River,3,Romantic TV Shows,2021,7.4,34797,44,2019,Renewed
Elize Matsunaga: Once Upon a Crime,1,Crime TV Shows,2021,5.9,2088,49,2021,Cancelled
Cat People,1,Docuseries,2021,6.3,266,32,2021,Cancelled
Dogs,2,Docuseries,2021,8,1269,50,2018,Renewed
The Mire,2,Crime TV Shows,2021,7,4312,51,2018,Renewed
The War Next-door,1,International TV Shows,2021,5.6,373,32,2021,Cancelled
Between,2,International TV Shows,2016,6,9059,25,2015,Renewed
Chelsea,2,Stand-Up Comedy & Talk Shows,2017,6.1,2051,57,2016,Renewed
Code Lyoko,4,Kids' TV,2007,7.3,5109,24,2003,Renewed
Cuckoo,5,British TV Shows,2019,5.9,20,27,2012,Renewed
Derry Girls,2,British TV Shows,2019,8.4,28718,25,2018,Renewed
Girl from Nowhere,2,International TV Shows,2021,7.6,3979,44,2018,Renewed
Good Morning Call,2,International TV Shows,2017,7.7,3088,48,2016,Renewed
I Think You Should Leave with Tim Robinson,2,TV Comedies,2021,7.9,11411,16,2019,Renewed
Kim's Convenience,5,International TV Shows,2021,8.3,16970,22,2016,Renewed
Larva,3,Kids' TV,2015,7.1,582,2,2011,Renewed
Marcella,3,British TV Shows,2019,7.4,30373,45,2016,Renewed
Midnight Diner: Tokyo Stories,2,International TV Shows,2019,8.4,4109,28,2016,Renewed
My Little Pony: Friendship Is Magic,8,Kids' TV,2018,7.6,20708,22,2010,Renewed
Orange Is the New Black,7,TV Comedies,2019,8.1,295591,59,2013,Renewed
Puffin Rock,2,Kids' TV,2016,8.699999999999998,891,11,2015,Renewed
Richie Rich,2,Kids' TV,2015,3.1,1041,22,2015,Renewed
Shtisel,3,International TV Shows,2021,8.6,6958,48,2013,Renewed
Some Assembly Required,2,Kids' TV,2015,8.5,22,25,2014,Renewed
Tales by Light,3,Docuseries,2018,8.3,1905,27,2015,Renewed
Terrace House: Opening New Doors,6,International TV Shows,2018,7.8,952,40,2017,Renewed
The A List,2,British TV Shows,2021,5.5,2787,27,2018,Renewed
The New Legends of Monkey,2,Kids' TV,2020,6.4,4308,25,2018,Renewed
The Worst Witch,4,British TV Shows,2020,7.2,2375,27,2017,Renewed
Undercover,2,Crime TV Shows,2020,7.8,16773,49,2019,Renewed
Workin' Moms,5,International TV Shows,2021,7.8,14892,22,2017,Renewed
YooHoo to the Rescue,3,Kids' TV,2020,6.8,53,13,2019,Renewed
You Are My Spring,1,International TV Shows,2021,7.5,532,69,2021,Cancelled
We the People,1,Kids' TV,2021,3.4,674,5,2021,Cancelled
Grey's Anatomy,17,Romantic TV Shows,2020,7.6,293618,49,2005,Renewed
Big Timber,1,International TV Shows,2020,6.5,577,45,2020,Cancelled
Mortel,2,Crime TV Shows,2019,6.5,1390,52,2019,Renewed
Rainbow Rangers,1,Kids' TV,2018,5.8,187,22,2018,Cancelled
Sailor Moon Crystal,3,Anime Series,2016,7.8,2115,24,2014,Renewed
Young Royals,1,International TV Shows,2021,8.3,26732,45,2021,Cancelled
Droppin' Cash: Los Angeles,1,Reality TV,2019,3.4,116,23,2018,Cancelled
Somos.,1,Crime TV Shows,2021,7.1,1108,47,2021,Cancelled
Sophie: A Murder in West Cork,1,British TV Shows,2021,6.8,5093,55,2021,Cancelled
The Daily Life of the Immortal King,1,Anime Series,2020,7.2,1211,19,2020,Cancelled
The Seven Deadly Sins,5,Anime Series,2021,7.9,30341,24,2014,Renewed
Ray,1,International TV Shows,2021,7.2,8668,59,2021,Cancelled
Sex/Life,1,Romantic TV Shows,2021,5.4,19604,48,2021,Cancelled
Godzilla Singular Point,1,Anime Series,2021,6.5,1612,24,2021,Cancelled
Jiva!,1,International TV Shows,2021,5.5,263,38,2021,Cancelled
The Naked Director,2,International TV Shows,2021,7.7,6052,51,2019,Renewed
The Parisian Agency: Exclusive Properties,1,International TV Shows,2021,7.4,593,54,2021,Cancelled
Too Hot to Handle,2,Reality TV,2021,4.6,12001,42,2020,Renewed
This Is Pop,1,Docuseries,2021,6.9,1076,44,2021,Cancelled
The Mole,2,Reality TV,2001,7.6,1104,52,2001,Renewed
"Nevertheless,",1,International TV Shows,2021,7.2,4485,69,2021,Cancelled
Black Lightning,4,TV Action & Adventure,2021,6.1,24646,42,2018,Renewed
Call My Agent!,4,International TV Shows,2018,8.3,13331,55,2015,Renewed
Champions,1,TV Comedies,2018,6.1,3736,21,2018,Cancelled
Cleo & Cuquin,2,Kids' TV,2020,8,98,7,2018,Renewed
Deadwind,2,Crime TV Shows,2020,7.3,8762,46,2018,Renewed
Hap and Leonard,3,Crime TV Shows,2018,7.6,7577,42,2016,Renewed
Locked Up,5,Crime TV Shows,2020,8.199999999999998,21388,50,2015,Renewed
REA(L)OVE,1,International TV Shows,2018,6.6,210,45,2018,Cancelled
Riverdale,4,Crime TV Shows,2019,6.7,139154,42,2017,Renewed
Schitt's Creek,6,TV Comedies,2020,8.5,112537,22,2015,Renewed
The Judgement,1,Crime TV Shows,2018,7.1,95,48,2018,Cancelled
The Last Dance,1,Docuseries,2020,9.1,108321,50,2020,Cancelled
They've Gotta Have Us,1,British TV Shows,2018,7.7,292,59,2018,Cancelled
Elite,4,Crime TV Shows,2021,7.4,73062,48,2018,Renewed
Hospital Playlist,2,International TV Shows,2021,8.8,4836,90,2020,Renewed
The Rational Life,1,International TV Shows,2021,8.1,445,45,2021,Cancelled
Black Summer,2,TV Action & Adventure,2021,6.5,28657,39,2019,Renewed
Elite Short Stories: Carla Samuel,1,International TV Shows,2021,6.9,2609,14,2021,Cancelled
Katla,1,International TV Shows,2021,7,13095,46,2021,Cancelled
Record of Ragnarok,1,Anime Series,2021,6.2,4647,24,2021,Cancelled
The Gift,3,International TV Shows,2021,7,21582,45,2019,Renewed
Elite Short Stories: Omar Ander Alexis,1,International TV Shows,2021,7.3,1903,12,2021,Cancelled
Let's Eat,1,International TV Shows,2021,8.199999999999998,5,60,2021,Cancelled
Penguin Town,1,Docuseries,2021,7.9,824,30,2021,Cancelled
Beyond Evil,1,Crime TV Shows,2021,8.1,2776,66,2021,Cancelled
Power Rangers Dino Fury,1,Kids' TV,2021,7,479,21,2021,Cancelled
Rhyme Time Town,2,Kids' TV,2021,7.5,78,23,2020,Renewed
The American Bible Challenge,1,Reality TV,2014,6.4,125,43,2012,Cancelled
Love (ft. Marriage and Divorce),2,International TV Shows,2021,6.6,433,69,2021,Renewed
LEGO Friends: The Power of Friendship,2,Kids' TV,2016,6.5,49,23,2016,Renewed
Lupin,2,Crime TV Shows,2021,7.5,100575,46,2021,Renewed
Trese,1,Anime Series,2021,7,3701,29,2021,Cancelled
"Fresh, Fried & Crispy",1,Reality TV,2021,6.2,603,25,2021,Cancelled
Feel Good,2,Romantic TV Shows,2021,7.5,10317,25,2020,Renewed
Human: The World Within,1,Docuseries,2021,6.8,697,52,2021,Cancelled
Sweet Tooth,1,TV Action & Adventure,2021,7.8,49182,45,2021,Cancelled
Creator's File: GOLD,1,International TV Shows,2021,6.6,23,25,2021,Cancelled
Summertime,2,International TV Shows,2021,6,2573,43,2020,Renewed
Attack on Titan,1,Anime Series,2013,9,325381,24,2013,Cancelled
Ben & Holly's Little Kingdom,2,Kids' TV,2019,7.5,1222,14,2009,Renewed
Cocomelon,3,Kids' TV,2021,4.9,522,8,2019,Renewed
Downton Abbey,6,British TV Shows,2015,8.699999999999998,197744,58,2010,Renewed
Happy Endings,3,TV Comedies,2012,7.8,37778,21,2011,Renewed
Ouran High School Host Club,1,Anime Series,2006,8.199999999999998,9763,23,2006,Cancelled
Racket Boys,1,International TV Shows,2021,1.8,27484,70,2021,Cancelled
The Platform,3,International TV Shows,2021,6.2,7,45,2018,Renewed
Dirty John,2,Crime TV Shows,2020,7.3,20817,44,2018,Renewed
The Kominsky Method,3,TV Comedies,2021,8.199999999999998,38232,26,2018,Renewed
The Least Expected Day: Inside the Movistar Team 2019,2,Docuseries,2021,7.4,756,31,2020,Renewed
Black Space,1,Crime TV Shows,2021,6.7,1758,46,2020,Cancelled
Eden,1,Anime Series,2021,6.6,1111,25,2021,Cancelled
Ragnarok,2,International TV Shows,2021,7.5,36185,47,2020,Renewed
Mad for Each Other,1,International TV Shows,2021,7.9,1518,35,2021,Cancelled
Master of None,3,TV Comedies,2021,8.3,72341,32,2015,Renewed
The Neighbor,2,International TV Shows,2021,6.5,2125,30,2019,Renewed
Special,2,TV Comedies,2021,7.6,9202,26,2019,Renewed
The Magic School Bus,1,Kids' TV,1997,7.8,9708,26,1994,Cancelled
Who Killed Sara?,2,Crime TV Shows,2021,6.4,12148,41,2021,Renewed
Booba: Food Puzzle,1,Kids' TV,2021,8.3,30,3,2020,Cancelled
Halston,1,TV Dramas,2021,7.5,14040,47,2021,Cancelled
Haunted,3,Reality TV,2021,4.6,3150,25,2018,Renewed
"Love, Death & Robots",2,TV Action & Adventure,2021,8.4,131937,13,2019,Renewed
Move to Heaven,1,International TV Shows,2021,8.6,5307,52,2021,Cancelled
Castlevania,4,Anime Series,2021,8.3,61114,26,2017,Renewed
The Upshaws,1,TV Comedies,2021,6.8,2296,30,2021,Cancelled
"Money, Explained",1,Docuseries,2021,6.9,2143,23,2021,Cancelled
Mine,1,International TV Shows,2021,7.8,1101,69,2021,Cancelled
Jupiter's Legacy,1,TV Action & Adventure,2021,6.7,37235,45,2021,Cancelled
Lava Ka Dhaava,1,Reality TV,2021,6,41,30,2021,Cancelled
Selena: The Series,2,TV Dramas,2020,6.9,4435,38,2020,Renewed
Pet Stars,1,Reality TV,2021,4.9,117,27,2021,Cancelled
The Innocent,1,Crime TV Shows,2021,7.8,29019,58,2021,Cancelled
The Unremarkable Juanquini,2,International TV Shows,2021,4.3,189,30,2020,Renewed
Yasuke,1,Anime Series,2021,6.2,4999,29,2021,Cancelled
Headspace Guide to Sleep,1,Docuseries,2021,6.8,445,19,2021,Cancelled
Sexify,1,International TV Shows,2021,6.5,4907,44,2021,Cancelled
Fatma,1,International TV Shows,2021,7.4,8185,42,2021,Cancelled
Let's Fight Ghost,1,International TV Shows,2021,7.5,98,65,2021,Cancelled
Shadow and Bone,1,TV Action & Adventure,2021,7.6,77782,52,2021,Cancelled
Zero,1,International TV Shows,2021,5.6,1270,24,2021,Cancelled
PJ Masks,3,Kids' TV,2019,5.4,1214,15,2015,Renewed
Gilmore Girls,7,Romantic TV Shows,2006,8.199999999999998,119054,46,2000,Renewed
High-Rise Invasion,1,Anime Series,2021,6.6,2575,25,2021,Cancelled
Next in Fashion,1,Reality TV,2020,7.3,3572,51,2020,Cancelled
Power Players,3,Kids' TV,2020,5.9,84,11,2019,Renewed
Ricky Zoom,1,British TV Shows,2019,6.3,90,12,2019,Cancelled
Sonic X,2,Anime Series,2003,6.1,4577,21,2003,Renewed
Dad Stop Embarrassing Me!,1,TV Comedies,2021,4.1,1853,25,2021,Cancelled
Fate: The Winx Saga,1,British TV Shows,2021,6.8,37995,50,2021,Cancelled
House of Cards,6,TV Dramas,2018,8.699999999999998,494092,52,2013,Renewed
Indian Matchmaking,1,Reality TV,2020,6.2,3049,35,2020,Cancelled
Jeffrey Epstein: Filthy Rich,1,Crime TV Shows,2020,7.1,23216,57,2020,Cancelled
Law School,1,Crime TV Shows,2021,8.1,2024,60,2021,Cancelled
Living with Yourself,1,TV Comedies,2019,7.2,30134,26,2019,Cancelled
Signal,1,Crime TV Shows,2016,8.6,6338,71,2016,Cancelled
Slasher,3,TV Horror,2019,6.7,14071,46,2016,Renewed
The Underclass,1,International TV Shows,2020,6.4,62,55,2020,Cancelled
Unnatural Selection,1,Docuseries,2019,8.1,12,35,2015,Cancelled
My Love: Six Stories of True Love,1,Docuseries,2021,7.5,281,70,2021,Cancelled
The Baker and the Beauty,1,Romantic TV Shows,2020,7.5,4160,44,2020,Cancelled
"Nicky, Ricky, Dicky & Dawn",4,Kids' TV,2018,5.1,2551,23,2014,Renewed
Heaven Official's Blessing,1,Anime Series,2020,8.3,1349,24,2020,Cancelled
The Way of the Househusband,1,Anime Series,2021,7.3,3724,17,2021,Cancelled
The Big Day,2,International TV Shows,2021,4.6,327,45,2021,Renewed
The Wedding Coach,1,Reality TV,2021,4.9,85,32,2021,Cancelled
This Is a Robbery: The World's Biggest Art Heist,1,Crime TV Shows,2021,6.5,4246,53,2021,Cancelled
Magical Andes,2,Docuseries,2021,7.8,523,35,2019,Renewed
Prank Encounters,2,Reality TV,2021,5.2,2615,25,2019,Renewed
Secrets of Great British Castles,2,British TV Shows,2016,7.8,1031,51,2015,Renewed
Worn Stories,1,Docuseries,2021,6.6,311,30,2021,Cancelled
Haunted: Latin America,1,International TV Shows,2021,5.3,572,33,2021,Cancelled
Robocar Poli,2,Kids' TV,2015,5.8,125,14,2011,Renewed
Yu-Gi-Oh!,1,Anime Series,2005,7.2,20888,22,1998,Cancelled
Rainbow High,1,Kids' TV,2020,6.4,116,6,2020,Cancelled
Big Time Rush,4,Kids' TV,2013,6.3,12046,25,2009,Renewed
Magic for Humans Spain,1,International TV Shows,2021,6,77,23,2021,Cancelled
The Irregulars,1,British TV Shows,2021,5.9,14714,53,2021,Cancelled
DOTA: Dragon's Blood,1,Anime Series,2021,7.8,17429,26,2021,Cancelled
Pui Pui Molcar,1,Kids' TV,2021,8.1,335,2,2021,Cancelled
Navillera,1,International TV Shows,2021,8.8,2024,64,2021,Cancelled
Alien TV,2,Kids' TV,2021,6.3,293,23,2020,Renewed
Country Comfort,1,TV Comedies,2021,6.9,3301,24,2021,Cancelled
Formula 1: Drive to Survive,3,Docuseries,2021,8.6,36661,38,2019,Renewed
B: The Beginning,2,Anime Series,2021,7.1,4803,25,2018,Renewed
Under Suspicion: Uncovering the Wesphael Case,1,Crime TV Shows,2021,6.3,727,36,2021,Cancelled
Waffles + Mochi,1,Kids' TV,2021,7.5,463,30,2021,Cancelled
Abla Fahita: Drama Queen,1,Crime TV Shows,2021,6.6,433,25,2021,Cancelled
The Lost Pirate Kingdom,1,Docuseries,2021,6.6,2702,43,2021,Cancelled
Love Alarm,2,International TV Shows,2021,6.8,5262,49,2019,Renewed
Paradise PD,3,TV Comedies,2021,6.8,17779,27,2018,Renewed
The One,1,British TV Shows,2021,6.6,12367,42,2021,Cancelled
Dealer,1,Crime TV Shows,2021,6.1,659,32,2021,Cancelled
Last Chance U: Basketball,1,Docuseries,2021,8.3,2429,60,2021,Cancelled
Marriage or Mortgage,1,Reality TV,2021,5.1,433,40,2021,Cancelled
Bombay Begums,1,International TV Shows,2021,5.3,4841,49,2021,Cancelled
City of Ghosts,1,Kids' TV,2021,6.1,10,19,2021,Cancelled
Pacific Rim: The Black,1,Anime Series,2021,7,4796,24,2021,Cancelled
Murder Among the Mormons,1,Crime TV Shows,2021,7,6028,53,2021,Cancelled
Word Party,5,Kids' TV,2021,5.7,349,20,2016,Renewed
TIGER & BUNNY,1,Anime Series,2011,7.3,998,26,2011,Cancelled
Age of Samurai: Battle for Japan,1,Docuseries,2021,7.4,4022,43,2021,Cancelled
Canine Intervention,1,Reality TV,2021,6.5,886,35,2021,Cancelled
Ginny & Georgia,1,Romantic TV Shows,2021,7.4,44573,54,2021,Cancelled
Two Sentence Horror Stories,2,TV Horror,2021,5.5,1841,22,2017,Renewed
Vincenzo,1,International TV Shows,2021,8.4,15134,81,2021,Cancelled
Pitta Kathalu,1,International TV Shows,2021,5.1,727,37,2021,Cancelled
Tribes of Europa,1,International TV Shows,2021,6.7,11794,47,2021,Cancelled
"Hello, Me!",1,International TV Shows,2021,7.3,538,61,2021,Cancelled
Sisyphus,1,International TV Shows,2021,7,3688,71,2021,Cancelled
Thus Spoke Kishibe Rohan,1,Anime Series,2021,7.6,1131,24,2017,Cancelled
Amend: The Fight for America,1,Docuseries,2021,7.8,1281,59,2021,Cancelled
Behind Her Eyes,1,British TV Shows,2021,7.2,57514,50,2021,Cancelled
MeatEater,4,Docuseries,2021,7.5,1462,22,2012,Renewed
Good Girls,3,Crime TV Shows,2020,7.7,49867,42,2018,Renewed
Booba,4,Kids' TV,2021,7,390,4,2014,Renewed
The Crew,1,TV Comedies,2021,6.5,5396,29,2021,Cancelled
Buried by the Bernards,1,Reality TV,2021,7.3,339,0,2021,Cancelled
Chappelle's Show,2,TV Comedies,2005,8.8,62140,21,2003,Renewed
Capitani,1,Crime TV Shows,2019,6.6,4355,28,2019,Cancelled
El Chema,1,Crime TV Shows,2016,6.9,303,44,2016,Cancelled
Crime Scene: The Vanishing at the Cecil Hotel,1,Crime TV Shows,2021,5.9,16799,55,2021,Cancelled
The Sinner,3,Crime TV Shows,2020,7.9,117055,45,2017,Renewed
Hache,2,Crime TV Shows,2021,6.5,1610,45,2019,Renewed
Invisible City,1,Crime TV Shows,2021,7.7,18,36,2021,Cancelled
Firefly Lane,1,Romantic TV Shows,2021,7.4,20300,52,2021,Cancelled
Power Rangers Ninja Steel,2,Kids' TV,2018,6.1,862,24,2017,Renewed
Tiffany Haddish Presents: They Ready,2,Stand-Up Comedy & Talk Shows,2021,6.5,555,23,2019,Renewed
Heartland,13,TV Dramas,2019,8.4,15743,44,2007,Renewed
Love Daily,1,Romantic TV Shows,2018,6.2,153,18,2018,Cancelled
My Dead Ex,1,TV Comedies,2018,7.4,478,25,2018,Cancelled
The House Arrest of Us,1,International TV Shows,2020,5.6,107,26,2020,Cancelled
The Unsettling,1,TV Horror,2019,5.2,712,23,2019,Cancelled
We Are: The Brooklyn Saints,1,Docuseries,2021,6.5,156,47,2021,Cancelled
50M2,1,International TV Shows,2021,6.9,5516,49,2021,Cancelled
Outlander,4,Romantic TV Shows,2018,8.4,152435,60,2014,Renewed
Go Dog Go,1,Kids' TV,2021,7.2,179,24,2021,Cancelled
Blown Away,2,International TV Shows,2021,7.1,2876,25,2019,Renewed
Busted!,3,Crime TV Shows,2021,7.6,898,75,2018,Renewed
Demon Slayer: Kimetsu no Yaiba,1,Anime Series,2019,8.699999999999998,88265,25,2019,Cancelled
Spycraft,1,Docuseries,2021,6.7,1976,34,2021,Cancelled
Hello Ninja,4,Kids' TV,2021,6.7,119,13,2019,Renewed
Bling Empire,1,Reality TV,2021,5.8,2608,39,2021,Cancelled
Carmen Sandiego,4,Kids' TV,2021,7.9,5557,23,2019,Renewed
Disenchantment,3,TV Action & Adventure,2021,7.2,58639,29,2018,Renewed
Henry Danger,3,Kids' TV,2016,5.6,5245,24,2014,Renewed
The Magicians,5,TV Dramas,2020,7.6,49557,44,2015,Renewed
Night Stalker: The Hunt for a Serial Killer,1,Crime TV Shows,2021,7.5,23939,47,2021,Cancelled
Last Tango in Halifax,4,British TV Shows,2020,8.3,6844,59,2012,Renewed
Mighty Little Bheem: Kite Festival,1,Kids' TV,2021,8.8,16,0,2021,Cancelled
The Idhun Chronicles,2,Anime Series,2021,5.3,563,27,2020,Renewed
Surviving Death,1,Docuseries,2021,6.1,1991,54,2021,Cancelled
History of Swear Words,1,Docuseries,2021,6.4,4776,21,2021,Cancelled
Nailed It! Mexico,3,International TV Shows,2021,6.2,308,32,2019,Renewed
Korean Pork Belly Rhapsody,1,Docuseries,2020,7.7,62,48,2020,Cancelled
QB1: Beyond the Lights,1,Docuseries,2019,7.7,895,32,2017,Cancelled
Cobra Kai,3,TV Action & Adventure,2021,8.6,163858,31,2018,Renewed
Dream Home Makeover,2,Reality TV,2021,5.5,1078,27,2020,Renewed
Headspace Guide to Meditation,1,Docuseries,2021,8.4,1540,22,2021,Cancelled
Monarca,2,International TV Shows,2021,7.8,3210,44,2019,Renewed
Running Man,1,Kids' TV,2020,8.4,32,11,2017,Cancelled
The Cat in the Hat Knows a Lot About That!,1,Kids' TV,2014,6.4,620,19,2013,Cancelled
The Haunted Hathaways,2,Kids' TV,2013,5,2471,24,2013,Renewed
Chilling Adventures of Sabrina,4,TV Horror,2020,7.4,90327,57,2018,Renewed
Best Leftovers Ever!,1,Reality TV,2020,5.6,515,36,2020,Cancelled
Dare Me,1,Crime TV Shows,2019,6.6,5098,43,2019,Cancelled
SanPa: Sins of the Savior,1,Crime TV Shows,2020,7.8,1488,57,2020,Cancelled
Still Game,9,British TV Shows,2018,8.9,7539,29,2002,Renewed
A Love So Beautiful,1,International TV Shows,2020,8,1386,41,2017,Cancelled
Sakho & Mangane,1,Crime TV Shows,2019,6.5,131,51,2019,Cancelled
Regiment Diaries,2,Docuseries,2020,8.6,80,42,2018,Renewed
Bridgerton,1,Romantic TV Shows,2020,7.3,122036,62,2020,Cancelled
Lovestruck in the City,1,International TV Shows,2020,7.7,2129,30,2020,Cancelled
Shaun the Sheep,2,British TV Shows,2016,8,25,7,2007,Renewed
Timmy Time,1,British TV Shows,2010,6.9,1083,14,2009,Cancelled
Home for Christmas,2,International TV Shows,2020,7.7,13670,29,2019,Renewed
Paava Kadhaigal,1,International TV Shows,2020,8.1,6628,118,2020,Cancelled
Morphle,2,British TV Shows,2020,5.1,77,6,2019,Renewed
Schulz Saves America,1,Stand-Up Comedy & Talk Shows,2020,7.3,1069,17,2020,Cancelled
BREAK IT ALL: The History of Rock in Latin America,1,Docuseries,2020,7.6,1215,50,2020,Cancelled
How To Ruin Christmas,1,International TV Shows,2020,6.1,488,50,2020,Cancelled
The Ripper,1,British TV Shows,2020,7.1,9228,49,2020,Cancelled
Black Ink Crew New York,2,Reality TV,2014,4.6,459,41,2013,Renewed
Pup Academy,2,Kids' TV,2020,6.6,498,26,2019,Renewed
Song Exploder,2,Docuseries,2020,7.4,758,27,2020,Renewed
Teen Mom 2,2,Reality TV,2011,4.5,28,41,2011,Renewed
The Challenge,2,Reality TV,2006,7.8,3274,40,1998,Renewed
Hilda,2,Kids' TV,2021,8.5,10162,25,2018,Renewed
Tiny Pretty Things,1,TV Dramas,2020,5.9,9115,56,2020,Cancelled
Children of Adam,1,International TV Shows,2020,7.8,170,41,2020,Cancelled
The Mess You Leave Behind,1,International TV Shows,2020,6.8,8848,45,2020,Cancelled
Alice in Borderland,1,International TV Shows,2020,7.6,47651,47,2020,Cancelled
Futmalls.com,1,Crime TV Shows,2020,6.4,182,40,2020,Cancelled
The Big Show Show,2,Kids' TV,2020,6.3,2375,26,2020,Renewed
The Surgeon's Cut,1,Docuseries,2020,8.5,1010,50,2020,Cancelled
Juman,1,International TV Shows,2019,5.2,110,40,2019,Cancelled
Mr. Iglesias,3,TV Comedies,2020,7.1,6703,29,2019,Renewed
100 Days My Prince,1,International TV Shows,2018,7.8,1938,75,2018,Cancelled
Room 2806: The Accusation,1,Crime TV Shows,2020,7,2298,49,2020,Cancelled
Detention,1,International TV Shows,2020,6.3,496,49,2020,Cancelled
Big Mouth,4,TV Comedies,2020,7.9,74660,27,2017,Renewed
Kings of Jo'Burg,1,Crime TV Shows,2020,5.6,491,51,2020,Cancelled
Alien Worlds,1,British TV Shows,2020,6.5,3509,44,2020,Cancelled
Gormiti,1,Kids' TV,2018,5.3,111,11,2018,Cancelled
Ink Master,2,Reality TV,2012,7.4,3874,42,2012,Renewed
Octonauts,4,British TV Shows,2015,7.6,1049,15,2010,Renewed
Stargate SG-1,10,Classic & Cult TV,2006,8.4,90196,44,1997,Renewed
The Guest,1,International TV Shows,2018,8.1,1537,66,2018,Cancelled
The Uncanny Counter,1,International TV Shows,2020,8,5552,64,2020,Cancelled
Heartbreak High,7,International TV Shows,1999,7.8,3106,47,1994,Renewed
Sugar Rush Christmas,2,Reality TV,2020,6.8,578,50,2019,Renewed
Valentino,1,International TV Shows,2020,5.2,213,39,2020,Cancelled
Strongest Deliveryman,1,International TV Shows,2017,7.4,626,55,2017,Cancelled
Flavorful Origins,3,Docuseries,2020,7.6,592,12,2019,Renewed
Mismatched,1,International TV Shows,2020,5.5,3712,32,2020,Cancelled
Voices of Fire,1,Docuseries,2020,6.8,382,36,2020,Cancelled
Holiday Home Makeover with Mr. Christmas,1,Reality TV,2020,5.8,291,43,2020,Cancelled
The Boss Baby: Back in Business,4,Kids' TV,2020,6.4,3595,23,2018,Renewed
We Are the Champions,1,Docuseries,2020,7.1,1379,29,2020,Cancelled
America's Next Top Model,2,Reality TV,2013,5.6,17843,44,2003,Renewed
Beyblade Burst Rise,1,Anime Series,2019,5.7,156,0,2019,Cancelled
Polly Pocket,2,Kids' TV,2021,5.9,119,13,2018,Renewed
Survivor,2,Reality TV,2014,7.4,24368,48,2000,Renewed
The Crown,4,British TV Shows,2020,8.699999999999998,190878,56,2016,Renewed
The Minions of Midas,1,Crime TV Shows,2020,6.6,4065,53,2020,Cancelled
A Queen Is Born,1,International TV Shows,2020,5.9,148,44,2020,Cancelled
The Liberator,1,TV Action & Adventure,2020,7.6,5942,49,2020,Cancelled
Trial 4,1,Crime TV Shows,2020,7.4,2039,55,2020,Cancelled
Bakugan: Battle Planet,1,Anime Series,2018,5.1,220,20,2018,Cancelled
Country Ever After,1,Reality TV,2020,6.3,169,24,2020,Cancelled
Wrong Kind of Black,1,International TV Shows,2018,7.7,148,16,2018,Cancelled
Carmel: Who Killed Maria Marta?,1,Crime TV Shows,2020,7,2375,58,2020,Cancelled
Love & Anarchy,1,International TV Shows,2020,7.4,7896,29,2020,Cancelled
Can You Hear Me?,2,International TV Shows,2020,7.6,688,22,2019,Renewed
60 Days In,1,Reality TV,2019,7.6,2616,46,2016,Cancelled
Forged in Fire,1,Reality TV,2019,8.3,3538,42,2015,Cancelled
Leah Remini: Scientology and the Aftermath,3,Docuseries,2018,9,5761,46,2016,Renewed
The Garfield Show,4,Kids' TV,2018,5.3,2499,17,2009,Renewed
Voice,2,Crime TV Shows,2018,7.5,1949,63,2017,Renewed
Zumbo's Just Desserts,1,International TV Shows,2019,6.9,2125,52,2016,Cancelled
Somebody Feed Phil,4,Docuseries,2020,8.199999999999998,4420,52,2018,Renewed
Suburra: Blood on Rome,3,Crime TV Shows,2020,7.9,14346,48,2017,Renewed
The Devil Punisher,1,International TV Shows,2020,5.9,157,70,2020,Cancelled
Barbarians,1,International TV Shows,2020,7.2,23180,47,2020,Cancelled
Move,1,Docuseries,2020,7.5,112,25,2018,Cancelled
Stolen Away,1,Crime TV Shows,2020,7.1,2314,48,2020,Cancelled
The Queen's Gambit,1,TV Dramas,2020,8.6,406350,56,2020,Cancelled
My Next Guest Needs No Introduction With David Letterman,3,Stand-Up Comedy & Talk Shows,2020,7.9,5194,55,2018,Renewed
Unsolved Mysteries,2,Crime TV Shows,2020,7.3,9391,49,2020,Renewed
Start-Up,1,International TV Shows,2020,8.1,9021,80,2020,Cancelled
Grand Army,1,TV Dramas,2020,7.5,6279,52,2020,Cancelled
Someone Has to Die,1,Crime TV Shows,2020,6.3,4718,50,2020,Cancelled
The Last Kids on Earth,3,Kids' TV,2020,7.3,1293,58,2019,Renewed
Fireman Sam,4,British TV Shows,2018,6.1,1759,10,1987,Renewed
Half & Half,4,TV Comedies,2005,7,1827,21,2002,Renewed
One on One,5,TV Comedies,2006,7,2303,20,2001,Renewed
Power Rangers Beast Morphers,2,Kids' TV,2020,6.5,585,23,2019,Renewed
Social Distance,1,TV Comedies,2020,5.7,651,20,2020,Cancelled
The Cabin with Bert Kreischer,1,Reality TV,2020,6.6,1637,27,2020,Cancelled
Kipo and the Age of Wonderbeasts,3,Kids' TV,2020,8.3,5293,24,2020,Renewed
Deaf U,1,Docuseries,2020,6.4,462,20,2020,Cancelled
The Haunting of Bly Manor,1,TV Dramas,2020,7.3,96015,55,2020,Cancelled
Do Do Sol Sol La La Sol,1,International TV Shows,2020,7.4,1465,60,2020,Cancelled
Private Lives,1,Crime TV Shows,2020,6.7,595,67,2020,Cancelled
The 100,7,TV Action & Adventure,2020,7.6,242221,42,2014,Renewed
To the Lake,1,International TV Shows,2020,7.2,12456,43,2019,Cancelled
Bad Boy Billionaires: India,1,British TV Shows,2020,7.9,3010,0,2020,Cancelled
Emily in Paris,1,Romantic TV Shows,2020,6.9,84302,29,2020,Cancelled
H2O: Just Add Water,3,Kids' TV,2009,7.2,14782,25,2006,Renewed
Familiar Wife,1,International TV Shows,2018,7.6,937,61,2018,Cancelled
Oktoberfest: Beer & Blood,1,International TV Shows,2020,6.8,2119,48,2020,Cancelled
Secreto bien guardado,1,International TV Shows,2019,4.9,188,30,2019,Cancelled
Sword Art Online,3,Anime Series,2018,7.6,43727,23,2012,Renewed
The Parkers,5,TV Comedies,2003,6.8,2346,19,1999,Renewed
You Cannot Hide,1,Crime TV Shows,2020,6.4,1098,45,2019,Cancelled
Black Butler,3,Anime Series,2010,8.3,1856,25,2008,Renewed
Wentworth,8,Crime TV Shows,2020,8.6,21747,46,2013,Renewed
"Whose Vote Counts, Explained",1,Docuseries,2020,7.3,1139,25,2020,Cancelled
Van Helsing,4,International TV Shows,2019,6.1,21852,42,2016,Renewed
The Good Place,4,TV Comedies,2020,8.199999999999998,148562,23,2016,Renewed
A Perfect Crime,1,Crime TV Shows,2020,7.3,1394,43,2020,Cancelled
Mighty Little Bheem,3,Kids' TV,2020,6.4,249,6,2019,Renewed
The School Nurse Files,1,International TV Shows,2020,6.4,1147,51,2020,Cancelled
The Chef Show,4,Docuseries,2020,8.199999999999998,5025,26,2019,Renewed
The Playbook,1,Docuseries,2020,7.4,1360,44,2020,Cancelled
Ratched,1,TV Dramas,2020,7.2,52731,54,2020,Cancelled
The American Barbecue Showdown,1,Reality TV,2020,7.1,1151,43,2020,Cancelled
The Blacklist,7,Crime TV Shows,2019,8,238138,43,2013,Renewed
The Last Word,1,International TV Shows,2020,7,948,45,2020,Cancelled
Baby,3,International TV Shows,2020,6.8,10990,45,2018,Renewed
Criminal: UK,2,British TV Shows,2020,7.6,17992,44,2019,Renewed
Signs,2,Crime TV Shows,2020,6.4,1608,46,2018,Renewed
Sing On!,1,Reality TV,2020,6.4,380,36,2020,Cancelled
Call the Midwife,9,British TV Shows,2020,8.5,25562,56,2012,Renewed
Buddi,2,British TV Shows,2020,7.1,61,8,2020,Renewed
Family Business,2,International TV Shows,2020,7.4,3907,47,2019,Renewed
Girlfriends,8,TV Comedies,2007,7.2,4482,21,2000,Renewed
The Barrier,1,International TV Shows,2020,6.8,3447,52,2020,Cancelled
Greenleaf,5,TV Dramas,2020,7.3,5158,42,2016,Renewed
Julie and the Phantoms,1,Kids' TV,2020,8.4,9461,2,2020,Cancelled
Get Organized with The Home Edit,1,Reality TV,2020,5.3,1454,42,2020,Cancelled
Record of Youth,1,International TV Shows,2020,7.3,2278,73,2020,Cancelled
Transformers: Cyberverse,2,Kids' TV,2020,6.5,350,11,2018,Renewed
Away,1,Romantic TV Shows,2020,6.6,23706,50,2020,Cancelled
Young Wallander,1,Crime TV Shows,2020,6.8,11039,45,2020,Cancelled
Chef's Table: BBQ,1,Docuseries,2020,7.8,981,45,2020,Cancelled
The Witcher: A Look Inside the Episodes,1,Docuseries,2020,7.1,151,6,2020,Cancelled
Blue Exorcist,2,Anime Series,2017,7.5,12741,24,2011,Renewed
Borgen,3,International TV Shows,2012,8.5,23523,58,2010,Renewed
Erased,1,Anime Series,2016,7.8,3596,28,2017,Cancelled
Felipe Esparza: Bad Decisions,1,Stand-Up Comedy & Talk Shows,2020,5.4,166,62,2020,Cancelled
H,4,International TV Shows,2002,7.4,1703,25,1998,Renewed
Heidi,1,Kids' TV,2020,7.2,234,27,2015,Cancelled
"Sister, Sister",6,TV Comedies,1998,6.2,12535,22,1994,Renewed
The Promised Neverland,1,Anime Series,2019,8.4,34730,23,2019,Cancelled
Masaba Masaba,1,International TV Shows,2020,6.8,1746,31,2020,Cancelled
Aggretsuko,3,Anime Series,2020,8,6005,16,2018,Renewed
Million Dollar Beach House,1,Reality TV,2020,4.2,804,28,2020,Cancelled
Trinkets,2,TV Dramas,2020,7,10263,26,2019,Renewed
Rust Valley Restorers,3,International TV Shows,2020,7.8,2732,45,2018,Renewed
DeMarcus Family Rules,1,Reality TV,2020,6.2,110,29,2020,Cancelled
High Score,1,Docuseries,2020,7.4,7733,42,2020,Cancelled
Stranger,2,Crime TV Shows,2020,8.5,7645,64,2017,Renewed
Rita,5,International TV Shows,2020,8.1,8718,40,2012,Renewed
Takki,2,International TV Shows,2014,6.5,250,17,2012,Renewed
Teenage Bounty Hunters,1,Crime TV Shows,2020,7.6,10821,49,2020,Cancelled
The Great Heist,1,Crime TV Shows,2020,7.3,2528,44,2020,Cancelled
The Legend of Korra,4,Kids' TV,2014,8.4,117464,23,2012,Renewed
Zoids Wild,1,Anime Series,2018,6,25,21,2018,Cancelled
(Un)Well,1,Reality TV,2020,6.4,1041,52,2020,Cancelled
GAME ON: A Comedy Crossover Event,1,Kids' TV,2020,5.4,213,29,2020,Cancelled
Terrace House: Tokyo 2019-2020,2,International TV Shows,2019,7.4,691,46,2019,Renewed
The Governor,1,International TV Shows,2016,7.4,100,45,2016,Cancelled
High Seas,3,Crime TV Shows,2020,6.8,7154,45,2019,Renewed
Selling Sunset,3,Reality TV,2020,6.5,5482,35,2019,Renewed
Sing On! Germany,1,International TV Shows,2020,5.4,136,38,2020,Cancelled
Tiny Creatures,1,Docuseries,2020,5,1210,25,2020,Cancelled
Word Party Songs,1,Kids' TV,2020,3.6,18,4,2020,Cancelled
Ever After High,5,Kids' TV,2016,7.7,1130,30,2013,Renewed
The Rain,3,International TV Shows,2020,7.3,616,43,2018,Renewed
World's Most Wanted,1,Crime TV Shows,2020,7.1,2481,45,2020,Cancelled
Mystery Lab,1,Docuseries,2020,7.4,769,37,2020,Cancelled
Immigration Nation,1,Docuseries,2020,7.4,1096,62,2020,Cancelled
Moesha,6,TV Comedies,2000,5.7,3713,21,1996,Renewed
My Perfect Landing,1,Kids' TV,2020,6.6,161,25,2020,Cancelled
Nagi-Asu: A Lull in the Sea,1,Anime Series,2014,7.3,1152,23,2013,Cancelled
The Next Step,1,Kids' TV,2018,5.9,1928,24,2013,Cancelled
Toradora!,1,Anime Series,2008,8,14307,30,2008,Cancelled
Sugar Rush,3,Reality TV,2020,7,1508,51,2018,Renewed
The Umbrella Academy,2,TV Action & Adventure,2020,8,202522,52,2019,Renewed
Last Chance U,5,Docuseries,2020,8.4,6789,55,2016,Renewed
Sing On! Spain,1,International TV Shows,2020,6,130,39,2020,Cancelled
Sinatra: All or Nothing at All,1,Docuseries,2015,8,2354,122,2015,Cancelled
Fear City: New York vs The Mafia,1,Crime TV Shows,2020,7.1,7215,52,2020,Cancelled
Norsemen,3,International TV Shows,2020,7.7,18040,30,2016,Renewed
Gigantosaurus,1,Kids' TV,2019,6.9,159,13,2019,Cancelled
Cursed,1,TV Action & Adventure,2020,5.8,29446,55,2020,Cancelled
Dark Desire,1,Crime TV Shows,2020,6.5,7135,34,2020,Cancelled
Skin Decision: Before and After,1,Reality TV,2020,5.8,405,36,2020,Cancelled
Sunny Bunnies,2,British TV Shows,2016,6.6,95,3,2015,Renewed
The Business of Drugs,1,Docuseries,2020,7.2,1646,44,2020,Cancelled
Down to Earth with Zac Efron,1,Docuseries,2020,8,6446,39,2020,Cancelled
The Twelve,1,Crime TV Shows,2019,7.5,5005,47,2019,Cancelled
Japan Sinks: 2020,1,Anime Series,2020,6.4,2922,26,2020,Cancelled
The Protector,4,International TV Shows,2020,6.5,34396,43,2018,Renewed
Was It Love?,1,International TV Shows,2020,7.1,870,69,2020,Cancelled
Stateless,1,International TV Shows,2020,7.5,9218,53,2020,Cancelled
Hook,1,International TV Shows,2020,6.5,25,43,2020,Cancelled
Little Singham,2,Kids' TV,2020,3.5,91,12,2018,Renewed
Cable Girls,6,International TV Shows,2019,7.6,13855,50,2017,Renewed
Southern Survival,1,Reality TV,2020,5.1,454,30,2020,Cancelled
The Baby-Sitters Club,1,Kids' TV,2020,7.3,3786,27,2020,Cancelled
Warrior Nun,1,TV Action & Adventure,2020,6.8,29164,43,2020,Cancelled
21 Again,1,British TV Shows,2019,5.4,47,52,2019,Cancelled
A Touch of Green,1,International TV Shows,2016,8.4,314,46,2015,Cancelled
Abby Hatcher,1,Kids' TV,2019,6.1,163,20,2018,Cancelled
Say I Do,1,Reality TV,2020,7.7,527,55,2020,Cancelled
Trotro,1,Kids' TV,2004,6.2,120,3,2004,Cancelled
BNA,1,Anime Series,2020,7.2,2478,23,2020,Cancelled
Dark,3,Crime TV Shows,2020,8.699999999999998,354443,56,2017,Renewed
Home Game,1,Docuseries,2020,7,841,29,2020,Cancelled
Twogether,1,International TV Shows,2020,8.4,456,0,2020,Cancelled
Crazy Delicious,1,British TV Shows,2020,8.9,15,51,2017,Cancelled
"Roswell, New Mexico",2,Classic & Cult TV,2020,6.2,11928,42,2019,Renewed
It's Okay to Not Be Okay,1,International TV Shows,2020,8.6,21104,76,2020,Cancelled
The Politician,2,TV Comedies,2020,7.5,21887,43,2019,Renewed
The Order,2,International TV Shows,2020,6.7,27286,48,2019,Renewed
The Chase,2,Reality TV,2015,7.5,886,44,2013,Renewed
Alexa & Katie,4,Kids' TV,2020,7.4,4687,25,2018,Renewed
How to Get Away with Murder,6,Crime TV Shows,2020,8.1,146712,43,2014,Renewed
Dating Around,2,Reality TV,2020,6.3,1204,30,2019,Renewed
F is for Family,4,TV Comedies,2020,8,36050,28,2015,Renewed
DC's Legends of Tomorrow,5,TV Action & Adventure,2020,6.8,101178,42,2016,Renewed
Lenox Hill,1,Docuseries,2020,8.699999999999998,2276,50,2020,Cancelled
My Mister,1,Crime TV Shows,2018,9.2,5481,79,2018,Cancelled
Reality Z,1,International TV Shows,2020,5.6,2437,31,2020,Cancelled
Queen of the South,4,Crime TV Shows,2018,7.9,28537,42,2016,Renewed
13 Reasons Why,4,Crime TV Shows,2020,7.5,282373,58,2017,Renewed
Queer Eye,5,Reality TV,2020,8.5,18147,47,2018,Renewed
Supernatural,15,Classic & Cult TV,2019,8.5,428639,45,2005,Renewed
BAKI,3,Anime Series,2020,6.7,5706,24,2018,Renewed
Alone,1,Reality TV,2019,8.4,4622,48,2015,Cancelled
Cardcaptor Sakura,2,Anime Series,1999,8,4936,25,1998,Renewed
Dear My Friends,1,International TV Shows,2016,8.199999999999998,355,70,2016,Cancelled
Midnight Diner,3,International TV Shows,2014,8.6,2110,27,2009,Renewed
My Shy Boss,1,International TV Shows,2017,7.3,1537,71,2017,Cancelled
Revolutionary Love,1,International TV Shows,2017,6.9,666,68,2017,Cancelled
Space Force,1,TV Comedies,2020,6.7,61739,30,2020,Cancelled
"Can't Cope, Won't Cope",2,TV Comedies,2018,7.3,880,23,2016,Renewed
Dorohedoro,1,Anime Series,2020,8.1,7813,24,2020,Cancelled
Mako Mermaids: An H2O Adventure,4,Kids' TV,2016,6.7,3924,25,2013,Renewed
Supergirl,5,TV Action & Adventure,2019,6.2,121939,42,2015,Renewed
Betaal,1,International TV Shows,2020,5.4,8884,47,2020,Cancelled
Dynasty,3,TV Dramas,2019,7.2,21136,42,2017,Renewed
History 101,1,British TV Shows,2020,6.8,4031,22,2020,Cancelled
Trailer Park Boys: The Animated Series,2,TV Comedies,2020,7.6,2854,25,2019,Renewed
Mystic Pop-up Bar,1,International TV Shows,2020,8,1977,69,2020,Cancelled
The Queen and the Conqueror,1,International TV Shows,2020,6.6,172,46,2020,Cancelled
Sweet Magnolias,1,Romantic TV Shows,2020,7.3,17435,50,2020,Cancelled
The Big Flower Fight,1,British TV Shows,2020,7.4,1178,39,2020,Cancelled
Patriot Act with Hasan Minhaj,6,Stand-Up Comedy & Talk Shows,2020,8.199999999999998,7222,25,2018,Renewed
Boys Over Flowers,1,International TV Shows,2009,7.9,11579,64,2009,Cancelled
Iris,1,International TV Shows,2009,7.8,1951,61,2009,Cancelled
Avatar: The Last Airbender,3,Classic & Cult TV,2007,9.3,297336,24,2005,Renewed
Madam Secretary,6,TV Dramas,2019,7.6,22563,43,2014,Renewed
Magic for Humans,3,Reality TV,2020,7.1,3316,24,2018,Renewed
She-Ra and the Princesses of Power,5,Kids' TV,2020,7.8,14935,24,2018,Renewed
White Lines,1,British TV Shows,2020,6.6,16506,55,2020,Cancelled
True: Terrific Tales,1,Kids' TV,2020,5.7,22,8,2020,Cancelled
Bordertown,3,Crime TV Shows,2019,7.6,10371,59,2016,Renewed
Dead to Me,2,TV Comedies,2020,8,73110,31,2019,Renewed
Restaurants on the Edge,2,International TV Shows,2020,6.7,972,46,2019,Renewed
The Eddy,1,International TV Shows,2020,7.1,2908,58,2020,Cancelled
The Hollow,2,Kids' TV,2020,7.1,4198,24,2018,Renewed
Scissor Seven,2,International TV Shows,2020,8.5,297,15,2018,Renewed
Almost Happy,1,International TV Shows,2020,6.8,870,27,2020,Cancelled
Hollywood,1,TV Dramas,2020,7.5,35067,50,2020,Cancelled
Masha and the Bear,4,Kids' TV,2019,7.6,3114,6,2009,Renewed
Medici: Masters of Florence,3,International TV Shows,2019,7.9,18575,54,2016,Renewed
Good Witch,5,TV Dramas,2019,7.2,10392,43,2015,Renewed
The Forest of Love: Deep Cut,1,Crime TV Shows,2020,6.8,426,0,2020,Cancelled
The Victims' Game,1,Crime TV Shows,2020,7.3,1356,59,2020,Cancelled
"Coronavirus, Explained",1,Docuseries,2020,7.6,2223,23,2020,Cancelled
The Last Kingdom,4,British TV Shows,2020,8.5,126473,55,2015,Renewed
My Secret Romance,1,International TV Shows,2017,7.2,3108,52,2017,Cancelled
After Life,2,British TV Shows,2020,8.5,124972,28,2019,Renewed
Love 101,1,International TV Shows,2020,7.5,13797,46,2020,Cancelled
Ghost in the Shell: SAC_2045,1,Anime Series,2020,6.2,2020,25,2020,Cancelled
The House of Flowers,3,International TV Shows,2020,7.6,7722,31,2018,Renewed
Absurd Planet,1,Docuseries,2020,3.9,1459,20,2020,Cancelled
Middleditch & Schwartz,1,TV Comedies,2020,8.6,5147,51,2020,Cancelled
Nicky Jam: El Ganador,1,Crime TV Shows,2018,7.7,1129,44,2018,Cancelled
Hasmukh,1,Crime TV Shows,2020,5.3,2673,32,2020,Cancelled
Fauda,3,Crime TV Shows,2020,8.3,25239,40,2015,Renewed
The Innocence Files,1,Crime TV Shows,2020,8,2622,64,2020,Cancelled
Brews Brothers,1,TV Comedies,2020,5.1,1944,11,2020,Cancelled
The Trial,1,Crime TV Shows,2019,7.2,3032,50,2019,Cancelled
Hi Score Girl,2,Anime Series,2019,8,1952,27,2018,Renewed
The Circle France,1,International TV Shows,2020,7.4,692,50,2020,Cancelled
El Reemplazante,2,International TV Shows,2013,8.5,755,45,2012,Renewed
Legacies,2,TV Dramas,2019,7.3,28877,42,2018,Renewed
Community,6,TV Comedies,2015,8.5,252564,23,2009,Renewed
How to Fix a Drug Scandal,1,Crime TV Shows,2020,7,3232,53,2020,Cancelled
Man Like Mobeen,3,British TV Shows,2020,8,2664,22,2017,Renewed
Sunderland 'Til I Die,2,British TV Shows,2020,8.1,7943,41,2018,Renewed
The Iliza Shlesinger Sketch Show,1,TV Comedies,2020,5,914,19,2020,Cancelled
The Windsors,3,British TV Shows,2020,7.1,2648,27,2016,Renewed
Well-Intended Love,2,International TV Shows,2020,7.2,1433,43,2019,Renewed
Ladies Up,1,International TV Shows,2019,4.3,234,17,2020,Cancelled
Ozark,3,Crime TV Shows,2020,8.5,278223,60,2017,Renewed
7SEEDS,2,Anime Series,2020,6.3,1378,25,2019,Renewed
Unorthodox,1,International TV Shows,2020,8,74118,54,2020,Cancelled
J-Style Trip,1,International TV Shows,2020,4.9,111,64,2020,Cancelled
Archibald's Next Big Thing,2,Kids' TV,2020,7.5,284,24,2019,Renewed
Dino Girl Gauko,2,Anime Series,2020,6.6,71,9,2019,Renewed
Greenhouse Academy,4,Kids' TV,2020,6.6,5967,23,2017,Renewed
Self Made: Inspired by the Life of Madam C.J. Walker,1,TV Dramas,2020,7.3,11586,47,2020,Cancelled
The Letter for the King,1,British TV Shows,2020,5.9,7376,47,2020,Cancelled
Vampires,1,International TV Shows,2020,5.6,1234,40,2020,Cancelled
Caliphate,1,International TV Shows,2020,8.199999999999998,17735,48,2020,Cancelled
Shaun the Sheep: Adventures from Mossy Bottom,1,British TV Shows,2020,8.1,551,6,2020,Cancelled
We Speak Dance,1,Docuseries,2018,7.5,148,22,2018,Cancelled
Kingdom,2,International TV Shows,2020,8.3,43760,48,2019,Renewed
The Valhalla Murders,1,Crime TV Shows,2020,7.1,13038,46,2019,Cancelled
Dirty Money,2,Crime TV Shows,2020,8.1,9099,63,2018,Renewed
On My Block,3,Romantic TV Shows,2020,7.9,15642,29,2018,Renewed
The Circle Brazil,1,International TV Shows,2020,6.8,761,49,2020,Cancelled
Ugly Delicious,2,Docuseries,2020,7.8,3505,51,2018,Renewed
Mighty Little Bheem: Festival of Colors,1,Kids' TV,2020,7.2,37,6,2020,Cancelled
Velvet,4,International TV Shows,2016,8.1,6018,57,2014,Renewed
Babylon Berlin,3,Crime TV Shows,2020,8.4,23256,49,2017,Renewed
Always a Witch,2,International TV Shows,2019,6.3,2406,40,2019,Renewed
Queen Sono,1,International TV Shows,2020,5.9,1226,89,2020,Cancelled
Toy Boy,1,Crime TV Shows,2019,6.5,7371,61,2019,Cancelled
Altered Carbon,2,Crime TV Shows,2020,7.9,162018,52,2018,Renewed
Six Windows in the Desert,1,TV Shows,2020,4.3,3074,21,2020,Cancelled
The Trials of Gabriel Fernandez,1,Crime TV Shows,2020,8.1,10982,55,2020,Cancelled
"Hi Bye, Mama!",1,International TV Shows,2020,8,1561,61,2020,Cancelled
Gentefied,1,TV Comedies,2020,7.3,2641,30,2020,Cancelled
Hyena,1,International TV Shows,2020,7.7,765,60,2020,Cancelled
Puerta 7,1,Crime TV Shows,2020,5.6,542,41,2020,Cancelled
DreamWorks Shrek's Swamp Stories,1,Kids' TV,2008,6.5,330,24,2010,Cancelled
Talking Tom and Friends,1,Kids' TV,2017,6.1,411,11,2014,Cancelled
Taj Mahal 1989,1,International TV Shows,2020,7.4,1522,34,2020,Cancelled
Love Is Blind,1,Reality TV,2021,6.1,7655,54,2020,Cancelled
Narcos: Mexico,2,Crime TV Shows,2020,8.4,80902,56,2018,Renewed
Better Call Saul,4,Crime TV Shows,2018,8.8,404920,49,2015,Renewed
Dragons: Rescue Riders,2,Kids' TV,2020,5.9,304,24,2019,Renewed
Locke & Key,1,TV Action & Adventure,2020,7.4,72031,48,2020,Cancelled
My Holo Love,1,International TV Shows,2020,7.6,2401,57,2020,Cancelled
Who Killed Malcolm X?,1,Crime TV Shows,2020,7.5,2125,45,2019,Cancelled
Arrow,8,Crime TV Shows,2019,7.5,425716,42,2012,Renewed
The Pharmacist,1,Crime TV Shows,2020,7.7,6989,54,2020,Cancelled
Team Kaylie,3,Kids' TV,2020,4,333,30,2019,Renewed
Itaewon Class,1,International TV Shows,2020,8.199999999999998,12030,69,2020,Cancelled
Miraculous: Tales of Ladybug & Cat Noir,5,Kids' TV,2019,7.7,10102,22,2015,Renewed
Pop Team Epic,1,Anime Series,2018,6.9,815,23,2018,Cancelled
Diablero,2,International TV Shows,2020,6.8,2521,38,2018,Renewed
Luna Nera,1,International TV Shows,2020,6,2883,45,2020,Cancelled
Unauthorized Living,2,Crime TV Shows,2020,7.4,4555,76,2018,Renewed
Find Yourself,1,International TV Shows,2020,7.6,201,45,2020,Cancelled
Omniscient,1,International TV Shows,2020,6.5,2089,47,2020,Cancelled
Rise of Empires: Ottoman,1,Docuseries,2020,7.9,22045,45,2020,Cancelled
Sons of the Caliphate,2,International TV Shows,2017,7.4,32,39,2015,Renewed
The Ranch,8,TV Comedies,2020,7.4,37890,30,2016,Renewed
October Faction,1,TV Action & Adventure,2020,6.1,10854,41,2020,Cancelled
The Ghost Bride,1,International TV Shows,2020,6.3,716,51,2020,Cancelled
Pandemic: How to Prevent an Outbreak,1,Docuseries,2020,6.3,2759,49,2020,Cancelled
Playing with Fire,1,International TV Shows,2019,5.9,944,43,2019,Cancelled
Ares,1,International TV Shows,2020,5.7,4298,29,2020,Cancelled
Nailed It! Germany,1,International TV Shows,2020,5.7,100,35,2020,Cancelled
Tiny House Nation,2,Reality TV,2019,7.1,1126,43,2014,Renewed
Handsome Siblings,1,International TV Shows,2020,7.9,614,45,2020,Cancelled
Killer Inside: The Mind of Aaron Hernandez,1,Crime TV Shows,2020,7.4,16649,67,2020,Cancelled
The Healing Powers of Dude,1,Kids' TV,2020,6.5,873,30,2020,Cancelled
AJ and the Queen,1,TV Comedies,2020,7.4,7961,52,2020,Cancelled
Harvey Street Kids,4,Kids' TV,2020,6.8,249,24,2018,Renewed
Medical Police,1,Crime TV Shows,2020,5.9,4136,24,2020,Cancelled
The InBESTigators,2,Kids' TV,2020,8.1,783,19,2019,Renewed
Until Dawn,1,International TV Shows,2020,2.5,148,20,2020,Cancelled
Cheer,1,Docuseries,2020,8.1,6145,56,2020,Cancelled
Dracula,1,British TV Shows,2020,6.8,45971,88,2020,Cancelled
Anne with an E,3,International TV Shows,2019,8.699999999999998,51001,46,2017,Renewed
"Sex, Explained",1,Docuseries,2020,6.9,3177,22,2020,Cancelled
Thieves of the Wood,1,International TV Shows,2019,6.8,2533,47,2018,Cancelled
Because This Is My First Life,1,International TV Shows,2017,8.199999999999998,4168,56,2017,Cancelled
Cells at Work!,1,Anime Series,2018,7.5,2206,23,2018,Cancelled
Live Up To Your Name,1,International TV Shows,2017,8,1224,69,2017,Cancelled
Messiah,1,TV Dramas,2020,7.6,42018,45,2020,Cancelled
Reply 1988,1,International TV Shows,2015,9.2,6557,95,2015,Cancelled
Spinning Out,1,TV Dramas,2020,7.6,13692,50,2020,Cancelled
The Bride of Habaek,1,International TV Shows,2017,7.1,2501,67,2017,Cancelled
Occupied,3,International TV Shows,2019,7.7,8839,45,2015,Renewed
Rainbow Ruby,1,Kids' TV,2016,6.5,77,11,2016,Cancelled
Robot Trains,2,Kids' TV,2018,6,87,12,2017,Renewed
The Degenerates,2,Stand-Up Comedy & Talk Shows,2019,6.2,666,28,2018,Renewed
The Bonfire of Destiny,1,International TV Shows,2019,7.6,4442,50,2019,Cancelled
You,2,Crime TV Shows,2019,7.7,225949,47,2018,Renewed
Lost in Space,2,TV Action & Adventure,2019,7.3,96868,49,2018,Renewed
The Witcher,1,International TV Shows,2019,8.199999999999998,465949,58,2019,Cancelled
Ultraviolet,2,Crime TV Shows,2019,7,1573,46,2017,Renewed
Don't F**k with Cats: Hunting an Internet Killer,1,Crime TV Shows,2019,8,50250,62,2019,Cancelled
Cocomong,2,Kids' TV,2015,5.6,11,13,2008,Renewed
Astronomy Club: The Sketch Show,1,TV Comedies,2019,6.9,591,20,2019,Cancelled
Fuller House,5,TV Comedies,2020,6.7,27148,27,2016,Renewed
Teasing Master Takagi-san,1,Anime Series,2019,7.7,2030,24,2018,Cancelled
The Chosen One,2,International TV Shows,2019,5.7,661,27,2019,Renewed
The Confession Killer,1,Crime TV Shows,2019,7.4,8733,48,2019,Cancelled
Three Days of Christmas,1,International TV Shows,2019,6.8,1243,58,2019,Cancelled
Triad Princess,1,Crime TV Shows,2019,6.8,658,45,2019,Cancelled
V Wars,1,TV Action & Adventure,2019,6.1,13531,42,2019,Cancelled
The Prince of Tennis ~ Match! Tennis Juniors ~,1,International TV Shows,2019,7.6,206,45,2019,Cancelled
Nightflyers,1,TV Horror,2018,5.8,13103,44,2018,Cancelled
Chip and Potato,2,Kids' TV,2019,6.4,155,15,2018,Renewed
La Reina del Sur,2,Crime TV Shows,2019,8,2445,42,2011,Renewed
The Charming Stepmom,1,International TV Shows,2019,7.8,17,56,2019,Cancelled
Levius,1,Anime Series,2019,6.9,528,25,2019,Cancelled
Lugar de Mulher,1,International TV Shows,2019,4.7,35,15,2019,Cancelled
Merry Happy Whatever,1,TV Comedies,2019,6.4,4542,26,2019,Cancelled
Mythomaniac,1,International TV Shows,2019,6.7,1274,46,2019,Cancelled
Dolly Parton's Heartstrings,1,TV Dramas,2019,7.6,2107,67,2019,Cancelled
Nailed It! Holiday!,2,Reality TV,2019,7.7,1086,36,2018,Renewed
Narcoworld: Dope Stories,1,Crime TV Shows,2019,6.6,317,40,2019,Cancelled
Nobody's Looking,1,International TV Shows,2019,7.7,1956,20,2019,Cancelled
Singapore Social,1,International TV Shows,2019,4.9,3670,40,2019,Cancelled
The Dragon Prince,3,Kids' TV,2019,8.4,21635,27,2018,Renewed
Trolls: The Beat Goes On!,8,Kids' TV,2019,5.8,798,21,2018,Renewed
Bangkok Buddies,1,International TV Shows,2019,6.8,17,40,2019,Cancelled
Holiday Secrets,1,International TV Shows,2019,6.5,1134,38,2019,Cancelled
Who Killed Little Gregory?,1,Crime TV Shows,2019,7.4,2908,60,2019,Cancelled
Llama Llama,2,Kids' TV,2019,6.5,270,15,2018,Renewed
My MVP Valentine,1,International TV Shows,2002,6.5,27,69,2002,Cancelled
My Sassy Girl,1,International TV Shows,2017,6.9,561,41,2017,Cancelled
The Club,1,Crime TV Shows,2019,7.9,7810,47,2021,Cancelled
The Stranded,1,International TV Shows,2019,6.2,1241,49,2019,Cancelled
The Toys That Made Us,3,Docuseries,2019,8,5545,45,2017,Renewed
The Yard,2,Crime TV Shows,2019,7.2,1605,108,2018,Renewed
My Dear Warrior,1,International TV Shows,2019,4.6,19,42,2019,Cancelled
Maradona in Mexico,1,Docuseries,2020,7.3,1119,37,2019,Cancelled
Put Your Head on My Shoulder,1,International TV Shows,2019,8,2063,40,2019,Cancelled
Little Things,3,International TV Shows,2019,8.199999999999998,6461,25,2016,Renewed
Greatest Events of WWII in Colour,1,British TV Shows,2019,8.699999999999998,8508,50,2019,Cancelled
Green Eggs and Ham,1,Kids' TV,2019,8.1,2556,28,2019,Cancelled
Wild District,2,Crime TV Shows,2019,8.199999999999998,1898,45,2018,Renewed
Sam & Cat,2,Kids' TV,2014,5.6,9507,24,2013,Renewed
The End of the F***ing World,2,British TV Shows,2019,8.1,177868,21,2017,Renewed
Meet the Adebanjos,3,British TV Shows,2016,7.6,76,25,2012,Renewed
The Devil Next Door,1,Crime TV Shows,2019,7.6,13084,46,2019,Cancelled
Bella and the Bulldogs,1,Kids' TV,2015,5,2114,23,2015,Cancelled
Victorious,3,Kids' TV,2013,6.9,24224,25,2010,Renewed
Ad Vitam,1,Crime TV Shows,2018,6.4,1625,52,2018,Cancelled
Mobile Suit Gundam: Iron-Blooded Orphans,2,Anime Series,2016,7.9,1623,24,2015,Renewed
Queer Eye: We're in Japan!,1,International TV Shows,2019,8.199999999999998,2560,50,2019,Cancelled
The Deep,3,Kids' TV,2019,8.1,645,22,2015,Renewed
Vientos de agua,1,International TV Shows,2006,8.699999999999998,1034,72,2006,Cancelled
We Are the Wave,1,International TV Shows,2019,6.2,2637,49,2019,Cancelled
Nowhere Man,1,Crime TV Shows,2019,5.6,360,56,2019,Cancelled
"Wait, My Youth",1,International TV Shows,2019,8.1,121,36,2019,Cancelled
A Little Thing Called First Love,1,International TV Shows,2019,8,366,42,2019,Cancelled
BoJack Horseman,6,TV Comedies,2020,8.8,143584,26,2014,Renewed
Drug Squad: Costa del Sol,1,Crime TV Shows,2019,6.8,554,68,2019,Cancelled
Nailed It! France,1,International TV Shows,2019,6.4,112,34,2019,Cancelled
The Untamed,1,International TV Shows,2019,8.8,5963,44,2019,Cancelled
Daybreak,1,TV Action & Adventure,2019,6.7,19398,44,2019,Cancelled
"Breakfast, Lunch & Dinner",1,Docuseries,2019,6.7,1045,44,2019,Cancelled
Interior Design Masters,1,British TV Shows,2019,6.4,1356,57,2019,Cancelled
Mighty Little Bheem: Diwali,1,Kids' TV,2019,7.7,35,24,2019,Cancelled
Toon,2,International TV Shows,2017,7.6,890,27,2016,Renewed
Chosen,2,Crime TV Shows,2019,5.2,127,70,2018,Renewed
Chosen,2,Crime TV Shows,2019,4.3,1111,44,2022,Renewed
Another Miss Oh,1,International TV Shows,2016,7.9,1769,69,2016,Cancelled
Black Money Love,1,Crime TV Shows,2014,7.4,5975,90,2014,Cancelled
The Lies Within,1,Crime TV Shows,2019,7,365,60,2019,Cancelled
Insatiable,2,TV Comedies,2019,6.5,27275,46,2018,Renewed
The Hook Up Plan,2,International TV Shows,2020,7.2,5212,28,2018,Renewed
Ultramarine Magmell,1,Anime Series,2019,6,610,24,2019,Cancelled
Rhythm + Flow,1,Reality TV,2019,7.6,1541,57,2019,Cancelled
Legend Quest: Masters of Myth,1,Kids' TV,2019,7.6,126,25,2019,Cancelled
Creeped Out,2,British TV Shows,2019,6.5,1826,25,2017,Renewed
Peaky Blinders,5,British TV Shows,2019,8.8,485506,58,2013,Renewed
Raising Dion,1,Kids' TV,2019,7.1,14464,43,2019,Cancelled
Rotten,2,Docuseries,2019,7.2,3675,56,2018,Renewed
Super Monsters,3,Kids' TV,2019,6.3,411,12,2017,Renewed
Seis Manos,1,Anime Series,2019,7.1,1573,26,2019,Cancelled
Living Undocumented,1,Docuseries,2019,6.7,577,42,2019,Cancelled
The K2,1,International TV Shows,2016,7.9,5615,65,2016,Cancelled
Gotham,5,Crime TV Shows,2019,7.8,226081,43,2014,Renewed
Bard of Blood,1,International TV Shows,2019,6.8,13210,45,2019,Cancelled
The Inmate,1,Crime TV Shows,2018,6.9,2641,53,2018,Cancelled
Abstract: The Art of Design,2,Docuseries,2019,8.4,5306,45,2017,Renewed
Glitch,3,International TV Shows,2019,7.3,17240,52,2015,Renewed
Vagabond,1,International TV Shows,2019,8.199999999999998,7544,61,2019,Cancelled
Criminal: Germany,1,British TV Shows,2019,7.7,5108,44,2019,Cancelled
Fastest Car,2,Reality TV,2019,7.1,1324,45,2018,Renewed
Inside Bill's Brain: Decoding Bill Gates,1,Docuseries,2019,7.9,10776,50,2019,Cancelled
When the Camellia Blooms,1,International TV Shows,2019,8,2371,55,2019,Cancelled
Marianne,1,International TV Shows,2019,7.4,14518,49,2019,Cancelled
Top Boy,1,British TV Shows,2019,8.4,22420,48,2011,Cancelled
Unbelievable,1,Crime TV Shows,2019,8.4,95658,48,2019,Cancelled
The I-Land,1,TV Action & Adventure,2019,4.6,16918,40,2019,Cancelled
"The Mind, Explained",1,Docuseries,2019,8,5230,21,2019,Cancelled
The Spy,1,International TV Shows,2019,7.9,40535,53,2019,Cancelled
Moving Art,3,Docuseries,2018,8.6,442,28,2014,Renewed
Naruto,9,Anime Series,2006,8.4,93980,23,2002,Renewed
Serial Killer with Piers Morgan,1,British TV Shows,2018,3.8,1394,47,2017,Cancelled
Luo Bao Bei,1,British TV Shows,2018,8,38,11,2018,Cancelled
Styling Hollywood,1,Reality TV,2019,6.6,355,37,2019,Cancelled
The Dark Crystal: Age of Resistance,1,TV Action & Adventure,2019,8.4,24164,51,2019,Cancelled
The Good Bandit,1,Crime TV Shows,2018,7.8,99,53,2019,Cancelled
True and the Rainbow Kingdom,3,Kids' TV,2019,7.1,439,21,2017,Renewed
Million Pound Menu,2,British TV Shows,2019,6.5,563,59,2018,Renewed
13 Reasons Why: Beyond the Reasons,3,Crime TV Shows,2019,6.2,322,42,2017,Renewed
Apache: The Life of Carlos Tevez,1,Crime TV Shows,2019,7.3,1582,45,2019,Cancelled
Better Than Us,1,Crime TV Shows,2019,7.3,8711,52,2018,Cancelled
The King's Avatar,1,International TV Shows,2019,8.199999999999998,1042,36,2019,Cancelled
Victim Number 8,1,International TV Shows,2018,7,1994,30,2018,Cancelled
Cannon Busters,1,Anime Series,2019,6.7,1172,24,2019,Cancelled
Sacred Games,2,Crime TV Shows,2019,8.6,85088,50,2018,Renewed
Happy Jail,1,Crime TV Shows,2019,6.9,247,34,2019,Cancelled
Knightfall,2,TV Dramas,2019,6.7,19809,44,2017,Renewed
DC Super Hero Girls,1,Kids' TV,2019,7.2,1193,10,2019,Cancelled
GLOW,3,TV Comedies,2019,8,44751,34,2017,Renewed
Sintonia,1,Crime TV Shows,2019,6.7,1067,44,2019,Cancelled
The Family,1,Docuseries,2019,6.4,3491,26,2019,Cancelled
Dollar,1,International TV Shows,2019,6.6,592,28,2019,Cancelled
Wu Assassins,1,TV Action & Adventure,2019,6.4,12799,44,2019,Cancelled
No Good Nick,2,Kids' TV,2019,6,2843,30,2019,Renewed
Basketball or Nothing,1,Docuseries,2019,7.4,614,0,2019,Cancelled
The Letdown,2,International TV Shows,2019,7.5,3253,30,2016,Renewed
Twelve Forever,1,Kids' TV,2019,6.6,664,22,2019,Cancelled
My First First Love,2,International TV Shows,2019,7.5,2163,52,2019,Renewed
Another Life,1,British TV Shows,2019,5.2,35108,42,2019,Cancelled
Beat Bugs,3,Kids' TV,2018,7.6,522,15,2016,Renewed
Comedians in Cars Getting Coffee,6,Stand-Up Comedy & Talk Shows,2019,8,12363,20,2012,Renewed
The Epic Tales of Captain Underpants,3,Kids' TV,2019,6.7,879,24,2018,Renewed
Typewriter,1,International TV Shows,2019,6.5,3788,50,2019,Cancelled
Rookie Historian Goo Hae-Ryung,1,International TV Shows,2019,8.199999999999998,1937,41,2019,Cancelled
Pinky Malinky,3,Kids' TV,2019,5.8,865,13,2019,Renewed
Unrequited Love,1,International TV Shows,2019,6.7,10,39,2017,Cancelled
Angel Beats!,1,Anime Series,2010,7.7,13848,26,2010,Cancelled
God Eater,1,Anime Series,2015,7,1911,23,2015,Cancelled
3Below: Tales of Arcadia,2,Kids' TV,2019,7.7,5927,22,2018,Renewed
Bonus Family,3,International TV Shows,2019,2.3,15,44,2017,Renewed
Extreme Engagement,1,International TV Shows,2019,5.6,382,40,2019,Cancelled
One Spring Night,1,International TV Shows,2019,7.9,2503,47,2019,Cancelled
True Tunes,1,Kids' TV,2019,8,14,3,2019,Cancelled
Free Rein,3,British TV Shows,2019,7,2062,28,2017,Renewed
The Legend of White Snake,1,International TV Shows,2019,7.4,224,46,2019,Cancelled
Kakegurui,2,International TV Shows,2019,7.2,8547,24,2017,Renewed
Kakegurui,2,International TV Shows,2019,6.8,966,30,2018,Renewed
Stranger Things,3,TV Horror,2019,8.699999999999998,989090,52,2016,Renewed
The Last Czars,1,Docuseries,2019,7.3,8096,45,2019,Cancelled
Yummy Mummies,2,International TV Shows,2019,4,673,41,2017,Renewed
Bangkok Love Stories: Plead,1,International TV Shows,2019,7.3,57,44,2019,Cancelled
Designated Survivor: 60 Days,1,International TV Shows,2019,8.1,1201,74,2019,Cancelled
Molang,1,Kids' TV,2015,8.4,346,3,2015,Cancelled
Rabbids Invasion,1,Kids' TV,2018,5.5,1802,10,2013,Cancelled
Record of Grancrest War,1,Anime Series,2018,7.1,893,24,2018,Cancelled
Scare Tactics,2,Reality TV,2011,6.7,2512,22,2003,Renewed
Dope,3,Crime TV Shows,2019,7.3,1643,48,2017,Renewed
Exhibit A,1,Crime TV Shows,2019,6.3,1030,36,2019,Cancelled
Instant Hotel,2,International TV Shows,2019,7.3,1482,49,2018,Renewed
Motown Magic,2,Kids' TV,2019,7.9,292,17,2018,Renewed
Paquita Salas,3,International TV Shows,2018,8,3087,26,2016,Renewed
Girls Incarcerated,2,Docuseries,2019,7.3,1073,45,2018,Renewed
Go! Live Your Way,2,Kids' TV,2019,6.7,606,40,2019,Renewed
Neon Genesis Evangelion,1,Anime Series,1995,8.5,64727,24,1995,Cancelled
Shooter,3,Crime TV Shows,2018,7.5,35547,41,2016,Renewed
The Casketeers,2,International TV Shows,2019,7.5,450,22,2018,Renewed
The Confession Tapes,2,Crime TV Shows,2019,7.5,5340,43,2017,Renewed
Fate/Zero,2,Anime Series,2012,8.199999999999998,12568,25,2011,Renewed
Puella Magi Madoka Magica,1,Anime Series,2011,8.3,9055,24,2011,Cancelled
Somewhere Only We Know,1,International TV Shows,2019,7.3,158,58,2019,Cancelled
Unit 42,1,Crime TV Shows,2017,7,2311,48,2017,Cancelled
Awake: The Million Dollar Game,1,Reality TV,2019,5.9,759,42,2019,Cancelled
Black Spot,2,Crime TV Shows,2019,7.4,10705,55,2017,Renewed
Girlfriends' Guide to Divorce,5,TV Comedies,2019,6.9,4523,42,2014,Renewed
Leila,1,British TV Shows,2019,4.7,8796,46,2019,Cancelled
Marlon,2,TV Comedies,2018,7,4056,21,2017,Renewed
Yankee,1,Crime TV Shows,2019,5.9,687,40,2019,Cancelled
Jinn,1,International TV Shows,2019,3.5,10043,32,2019,Cancelled
Designated Survivor,3,Crime TV Shows,2019,7.5,88019,44,2016,Renewed
Tales of the City,1,TV Dramas,2019,7.4,7715,56,2019,Cancelled
Black Mirror,5,British TV Shows,2019,8.8,515577,59,2011,Renewed
Documentary Now!,3,TV Comedies,2019,8.1,6445,22,2015,Renewed
Malibu Rescue: The Series,1,Kids' TV,2019,5.4,979,26,2019,Cancelled
Arthdal Chronicles,1,International TV Shows,2019,8.3,4200,80,2019,Cancelled
A Thousand Goodnights,1,International TV Shows,2019,8,93,84,2019,Cancelled
March Comes in Like a Lion,2,Anime Series,2017,8.4,2586,25,2016,Renewed
Bad Blood,2,Crime TV Shows,2019,7.5,9593,46,2017,Renewed
Killer Ratings,1,Crime TV Shows,2019,7.6,1671,50,2019,Cancelled
When They See Us,1,Crime TV Shows,2019,8.9,114127,74,2019,Cancelled
Historical Roasts,1,Stand-Up Comedy & Talk Shows,2019,5.3,1675,29,2019,Cancelled
She's Gotta Have It,2,Romantic TV Shows,2018,6.8,4624,32,2017,Renewed
WHAT / IF,1,TV Dramas,2019,6.3,15135,59,2019,Cancelled
Prince of Peoria,2,Kids' TV,2019,5.7,471,26,2018,Renewed
1994,1,Crime TV Shows,2019,7.5,514,178,2019,Cancelled
It's Bruno!,1,TV Comedies,2019,7.5,2886,3,2019,Cancelled
White Gold,2,British TV Shows,2019,7.4,10981,29,2017,Renewed
"Heidi, bienvenida a casa",1,Kids' TV,2017,6.2,20,46,2017,Cancelled
I Hear You,1,International TV Shows,2019,7.3,560,45,2019,Cancelled
The Defected,1,Crime TV Shows,2019,7.4,68,42,2019,Cancelled
Easy,3,TV Comedies,2019,6.9,13569,30,2016,Renewed
Jailbirds,1,Docuseries,2019,7,1160,44,2019,Cancelled
The Mechanism,2,Crime TV Shows,2019,8,36077,47,2018,Renewed
The Princess Weiyoung,1,International TV Shows,2016,7.9,767,45,2016,Cancelled
The Society,1,TV Dramas,2019,7,27693,56,2019,Cancelled
Abyss,1,Crime TV Shows,2019,7.1,2131,61,2019,Cancelled
In the Bosom of a Thorn,1,International TV Shows,2019,7.3,48,46,2019,Cancelled
The Writer,1,Crime TV Shows,2019,8.199999999999998,30,34,2019,Cancelled
Crime Diaries: Night Out,1,Crime TV Shows,2019,7.3,850,45,2019,Cancelled
Cupcake & Dino - General Services,2,Kids' TV,2019,7.5,663,16,2018,Renewed
Flinch,1,Reality TV,2019,4.4,703,24,2019,Cancelled
Tuca & Bertie,1,TV Comedies,2019,7.3,6724,24,2019,Cancelled
Code Geass: Lelouch of the Rebellion,2,Anime Series,2008,8.699999999999998,62367,24,2006,Renewed
Hong Kong West Side Stories,1,International TV Shows,2018,5.7,6,23,2019,Cancelled
Chambers,1,TV Horror,2019,6.4,8380,44,2019,Cancelled
Street Food,1,Docuseries,2019,7.9,2712,37,2019,Cancelled
Lunatics,1,International TV Shows,2019,6.6,3136,36,2019,Cancelled
Rilakkuma and Kaoru,1,Anime Series,2019,8.3,1579,12,2019,Cancelled
Samantha!,2,International TV Shows,2019,6.6,513,28,2018,Renewed
Crazy Ex-Girlfriend,4,Romantic TV Shows,2019,7.8,19738,42,2015,Renewed
Huge in France,1,TV Comedies,2019,6.8,2809,30,2019,Cancelled
New Girl,7,Romantic TV Shows,2018,7.7,216209,21,2011,Renewed
Persona,1,International TV Shows,2019,6.6,1164,22,2019,Cancelled
You vs. Wild,1,Kids' TV,2019,6.6,2570,20,2019,Cancelled
Time: The Kalief Browder Story,1,Docuseries,2017,8.5,2641,22,2017,Cancelled
Derek,3,British TV Shows,2015,8.1,31976,26,2013,Renewed
Imposters,2,Crime TV Shows,2017,7.8,13238,43,2017,Renewed
Our Planet,1,Docuseries,2019,9.3,41386,50,2019,Cancelled
Quicksand,1,Crime TV Shows,2019,7.5,21077,46,2019,Cancelled
Spirit: Riding Free,8,Kids' TV,2019,6.6,993,23,2017,Renewed
Tijuana,1,Crime TV Shows,2019,6.9,327,41,2019,Cancelled
"That Winter, the Wind Blows",1,International TV Shows,2013,7.6,1803,63,2013,Cancelled
Osmosis,1,International TV Shows,2019,5.8,3003,42,2019,Cancelled
Santa Clarita Diet,3,TV Comedies,2019,7.9,64467,29,2017,Renewed
Traitors,1,British TV Shows,2019,6.6,3020,50,2019,Cancelled
Versailles,3,International TV Shows,2018,7.9,16273,54,2015,Renewed
Ainori Love Wagon: Asian Journey,2,International TV Shows,2018,6.8,271,27,2017,Renewed
Charlie's Colorforms City,1,Kids' TV,2019,7,148,23,2019,Cancelled
Crime Diaries: The Candidate,1,Crime TV Shows,2019,7.5,803,37,2019,Cancelled
Delhi Crime,1,Crime TV Shows,2019,8.5,18732,27,2019,Cancelled
The OA,2,TV Dramas,2019,7.9,100911,55,2016,Renewed
Bo on the Go!,1,Kids' TV,2007,4.1,118,22,2007,Cancelled
Stay Tuned!,1,International TV Shows,2019,7.5,343,46,2019,Cancelled
My Husband Won't Fit,1,International TV Shows,2019,6.7,798,34,2019,Cancelled
Green Door,1,International TV Shows,2019,6.5,128,49,2019,Cancelled
If I Hadn't Met You,1,International TV Shows,2018,7.7,2283,52,2018,Cancelled
Robozuna,2,British TV Shows,2018,6.6,92,22,2018,Renewed
The Disappearance of Madeleine McCann,1,Crime TV Shows,2019,6.6,10286,59,2019,Cancelled
Turn Up Charlie,1,British TV Shows,2019,7.1,7251,26,2019,Cancelled
Into the Badlands,3,TV Action & Adventure,2018,7.9,45628,43,2015,Renewed
Immortals,1,International TV Shows,2018,5.4,3087,28,2018,Cancelled
Secret City,2,International TV Shows,2016,7.4,7831,50,2016,Renewed
A Korean Odyssey,1,International TV Shows,2017,8,4535,75,2017,Cancelled
Cricket Fever: Mumbai Indians,1,Docuseries,2019,7.2,699,38,2019,Cancelled
Larva Island,2,Kids' TV,2019,6.6,416,8,2018,Renewed
Losers,1,Docuseries,2019,7.6,1741,8,2019,Cancelled
Northern Rescue,1,TV Dramas,2019,7.1,4105,43,2019,Cancelled
The Disastrous Life of Saiki K.,3,Anime Series,2018,8.4,6649,10,2016,Renewed
Chef's Table,6,Docuseries,2019,8.5,15176,50,2015,Renewed
The Big Family Cooking Showdown,2,British TV Shows,2018,7,665,59,2017,Renewed
Larry Charles' Dangerous World of Comedy,1,Docuseries,2019,7.3,570,0,2019,Cancelled
The 43,1,Crime TV Shows,2019,7.1,140,56,2019,Cancelled
One Day at a Time,3,TV Comedies,2019,8.199999999999998,15669,29,2017,Renewed
Live,1,Crime TV Shows,2018,8.3,1208,46,2018,Cancelled
Safe,1,British TV Shows,2018,7.2,41822,45,2018,Cancelled
Violet Evergarden,1,Anime Series,2018,8.4,19940,25,2018,Cancelled
Russian Doll,1,TV Comedies,2019,7.8,88945,28,2019,Cancelled
Sparta,1,Crime TV Shows,2018,6.6,443,53,2018,Cancelled
Paprika,1,Kids' TV,2018,7.5,26,13,2018,Cancelled
A Taiwanese Tale of Two Cities,1,International TV Shows,2018,6.1,159,68,2018,Cancelled
Z Nation,5,TV Action & Adventure,2018,6.6,36059,43,2014,Renewed
Black Earth Rising,1,British TV Shows,2018,7.4,4790,59,2018,Cancelled
Examination of Conscience,1,Crime TV Shows,2019,7.8,422,51,2019,Cancelled
Conversations with a Killer: The Ted Bundy Tapes,1,Crime TV Shows,2019,7.8,27439,59,2019,Cancelled
Innocent,1,Crime TV Shows,2017,8.4,17727,51,2017,Cancelled
The World's Most Extraordinary Homes,3,British TV Shows,2019,7.6,3380,54,2017,Renewed
Trigger Warning with Killer Mike,1,Docuseries,2019,6.9,1249,26,2019,Cancelled
Back with the Ex,1,International TV Shows,2018,6.2,615,44,2019,Cancelled
Friends from College,2,Romantic TV Shows,2019,6.9,20242,30,2017,Renewed
Horrid Henry,2,British TV Shows,2019,6.3,912,12,2006,Renewed
Pocoyo,4,Kids' TV,2017,3.9,93,11,2005,Renewed
When Heroes Fly,1,International TV Shows,2018,7.1,3123,48,2018,Cancelled
A Series of Unfortunate Events,3,Kids' TV,2019,7.8,59239,47,2017,Renewed
COMEDIANS of the world,13,Stand-Up Comedy & Talk Shows,2019,6.5,450,30,2019,Renewed
The Paper,2,International TV Shows,2018,7.4,64,48,2016,Renewed
Tidying Up with Marie Kondo,1,Reality TV,2019,6.6,3529,34,2019,Cancelled
Murder Mountain,1,Crime TV Shows,2018,6.8,3045,49,2018,Cancelled
Selection Day,1,International TV Shows,2018,7.4,2176,25,2018,Cancelled
Watership Down,1,British TV Shows,2018,7.2,6043,50,2018,Cancelled
7 Days Out,1,Docuseries,2018,6.8,531,50,2018,Cancelled
Perfume,1,Crime TV Shows,2018,7.1,8536,29,2018,Cancelled
Sirius the Jaeger,1,Anime Series,2018,6.7,1883,23,2018,Cancelled
Wolf,1,International TV Shows,2018,8.1,7426,80,2018,Cancelled
Ashes of Love,1,International TV Shows,2018,8.5,1875,43,2018,Cancelled
Flowers,2,British TV Shows,2018,8.1,5468,25,2016,Renewed
Hymn of Death,1,International TV Shows,2018,7.6,1104,45,2018,Cancelled
The Fix,1,TV Comedies,2018,7,1895,29,2018,Cancelled
The Innocent Man,1,Crime TV Shows,2018,7.3,5883,47,2018,Cancelled
Tidelands,1,Crime TV Shows,2018,6.8,7727,42,2018,Cancelled
Travelers,3,Crime TV Shows,2018,8,54566,45,2016,Renewed
Voltron: Legendary Defender,8,Kids' TV,2018,8.1,8706,24,2016,Renewed
Dogs of Berlin,1,Crime TV Shows,2018,7.5,12453,60,2018,Cancelled
Neo Yokio,2,TV Comedies,2018,5.9,3359,23,2017,Renewed
Pine Gap,1,International TV Shows,2018,7.2,4772,56,2018,Cancelled
The Sound of Your Heart: Reboot,2,International TV Shows,2018,5.9,134,34,2018,Renewed
Memories of the Alhambra,1,Crime TV Shows,2018,7.8,5363,68,2018,Cancelled
1983,1,Crime TV Shows,2018,6.8,4173,57,2018,Cancelled
Death by Magic,1,Reality TV,2018,6.1,629,33,2018,Cancelled
Love and Fortune,1,International TV Shows,2018,7.3,547,69,2018,Cancelled
Spy Kids: Mission Critical,2,Kids' TV,2018,5.2,372,25,2018,Renewed
Bumping Mics with Jeff Ross & Dave Attell,1,Stand-Up Comedy & Talk Shows,2018,7.7,1145,34,2018,Cancelled
Minecraft: Story Mode,1,Kids' TV,2015,5.5,300,62,2011,Cancelled
Frontier,3,International TV Shows,2018,7.1,20706,46,2016,Renewed
Fugitiva,1,Crime TV Shows,2018,5.6,658,90,2018,Cancelled
Sick Note,2,British TV Shows,2018,6.8,7173,24,2017,Renewed
Kulipari: Dream Walker,1,Kids' TV,2018,7.7,91,19,2018,Cancelled
The Final Table,1,Reality TV,2018,7.6,3989,43,2018,Cancelled
Eternal Love,1,International TV Shows,2017,8.4,2214,45,2017,Cancelled
Ponysitters Club,2,Kids' TV,2018,6,116,23,2018,Renewed
Vai Anitta,1,Docuseries,2018,5.6,448,40,2018,Cancelled
Warrior,1,Crime TV Shows,2018,6.7,1966,42,2018,Cancelled
Age of Tanks,1,Docuseries,2017,7.3,852,54,2017,Cancelled
Medal of Honor,1,Docuseries,2018,8.199999999999998,1687,55,2018,Cancelled
Super Drags,1,International TV Shows,2018,5.4,1685,25,2018,Cancelled
The Queen of Flow,1,Crime TV Shows,2018,7.7,1202,45,2018,Cancelled
Treehouse Detectives,2,Kids' TV,2018,7.6,93,24,2018,Renewed
Westside,1,Reality TV,2018,6,168,47,2018,Cancelled
Damnation,1,Crime TV Shows,2017,7.6,8111,43,2017,Cancelled
Brainchild,1,Kids' TV,2018,8.1,415,25,2018,Cancelled
Follow This,3,Docuseries,2018,4.9,710,18,2018,Renewed
Terrorism Close Calls,1,Crime TV Shows,2018,5.1,688,51,2018,Cancelled
DreamWorks Spooky Stories,1,Kids' TV,2009,6.2,19,26,2009,Cancelled
Great News,2,TV Comedies,2017,7,6810,21,2017,Renewed
Here to Heart,1,International TV Shows,2018,7.5,219,45,2018,Cancelled
The Hollywood Masters,3,Stand-Up Comedy & Talk Shows,2017,7.2,86,34,2017,Renewed
Ask the Doctor,1,Docuseries,2017,6.5,289,28,2017,Cancelled
Best.Worst.Weekend.Ever.,1,Kids' TV,2018,6.4,297,25,2018,Cancelled
Making a Murderer,2,Crime TV Shows,2018,8.6,93456,62,2015,Renewed
Wanderlust,1,British TV Shows,2018,7,5225,57,2018,Cancelled
My Babysitter's a Vampire,2,Kids' TV,2012,6.9,4367,22,2011,Renewed
Edgar Rice Burroughs' Tarzan and Jane,2,Crime TV Shows,2018,4.8,270,21,2017,Renewed
FIGHTWORLD,1,Docuseries,2018,7.6,806,42,2018,Cancelled
The Curious Creations of Christine McConnell,1,TV Comedies,2018,7.7,2391,27,2018,Cancelled
The Haunting of Hill House,1,TV Dramas,2018,8.6,226817,58,2018,Cancelled
Salt Fat Acid Heat,1,Docuseries,2018,7.7,2419,40,2018,Cancelled
Blood Pact,1,Crime TV Shows,2018,6.7,140,60,2018,Cancelled
Sofia the First,4,Kids' TV,2017,6.8,2915,24,2013,Renewed
Dancing Queen,1,Reality TV,2018,6.9,1590,41,2018,Cancelled
Empire Games,1,Docuseries,2018,5.8,306,49,2018,Cancelled
YG Future Strategy Office,1,International TV Shows,2018,6.9,204,27,2018,Cancelled
Monty Python's Fliegender Zirkus,1,International TV Shows,1972,8.1,2144,43,1972,Cancelled
Monty Python's Flying Circus,4,British TV Shows,1974,8.8,72895,30,1969,Renewed
Monty Python's Personal Best,1,British TV Shows,2005,7.9,437,56,2006,Cancelled
Hot Date,1,Romantic TV Shows,2018,7.1,616,19,2017,Cancelled
Made in Mexico,1,International TV Shows,2018,3.9,760,50,2018,Cancelled
Skylanders Academy,3,Kids' TV,2018,6.7,730,23,2016,Renewed
Battlefish,1,Reality TV,2018,7,426,45,2018,Cancelled
Maniac,1,TV Comedies,2018,7.7,74877,39,2018,Cancelled
The Good Cop,1,Crime TV Shows,2018,7.7,370,30,2015,Cancelled
The Good Cop,1,Crime TV Shows,2018,6.9,5620,49,2018,Cancelled
Transformers: Rescue Bots,1,Kids' TV,2016,6.4,915,22,2012,Cancelled
Al Hayba,1,Crime TV Shows,2017,7.5,1201,45,2017,Cancelled
American Vandal,2,Crime TV Shows,2018,8.1,29972,33,2017,Renewed
Boca Juniors Confidential,1,Docuseries,2018,6.3,350,43,2018,Cancelled
Ingobernable,2,Crime TV Shows,2018,7.2,3052,40,2017,Renewed
Norm Macdonald Has a Show,1,Stand-Up Comedy & Talk Shows,2018,8.6,3473,35,2018,Cancelled
The Rise of Phoenixes,1,International TV Shows,2018,8.4,1477,45,2018,Cancelled
Life,1,International TV Shows,2018,7.6,688,64,2018,Cancelled
Daniel Sloss: Live Shows,1,Stand-Up Comedy & Talk Shows,2018,8.5,3387,60,2018,Cancelled
First and Last,1,Docuseries,2018,6.7,421,44,2018,Cancelled
Stretch Armstrong & the Flex Fighters,2,Kids' TV,2018,6.2,307,23,2017,Renewed
Monkey Twins,1,Crime TV Shows,2018,7.9,92,53,2018,Cancelled
Quantico,3,Crime TV Shows,2018,6.6,60305,43,2015,Renewed
Age of Rebellion,1,Crime TV Shows,2018,8.6,49,83,2018,Cancelled
Sisters,1,International TV Shows,2018,7.5,1729,36,2017,Cancelled
Cathedral of the Sea,1,International TV Shows,2017,7.4,4292,57,2018,Cancelled
Inside the Criminal Mind,1,Crime TV Shows,2018,5.4,986,48,2018,Cancelled
The Comedy Lineup,2,Stand-Up Comedy & Talk Shows,2018,5.9,457,18,2018,Renewed
Ultimate Beastmaster,3,Reality TV,2018,7.3,2359,59,2017,Renewed
Undercover Law,1,Crime TV Shows,2017,7.2,214,57,2018,Cancelled
GHOUL,1,International TV Shows,2018,8,6,46,2018,Cancelled
Take My Brother Away,1,International TV Shows,2018,6.7,161,46,2018,Cancelled
The Innocents,1,British TV Shows,2018,6.2,5784,46,2018,Cancelled
Stay Here,1,Reality TV,2018,7.4,1095,32,2018,Cancelled
72 Dangerous Animals: Asia,1,Docuseries,2018,6.6,517,47,2018,Cancelled
Afflicted,1,Docuseries,2018,5.1,1119,42,2018,Cancelled
All About the Washingtons,1,TV Comedies,2018,4.8,708,23,2018,Cancelled
The Originals,5,TV Dramas,2018,8.3,131574,43,2013,Renewed
On Children,1,International TV Shows,2018,7.2,380,100,2018,Cancelled
Cocaine Coast,1,Crime TV Shows,2018,7.9,3696,67,2018,Cancelled
Becoming Champions,1,Docuseries,2018,6.7,389,45,2018,Cancelled
Switched,1,International TV Shows,2018,7.1,1402,39,2018,Cancelled
A Very Secret Service,2,International TV Shows,2018,7.7,3461,27,2015,Renewed
SWORDGAI The Animation,2,Anime Series,2018,5.8,907,22,2018,Renewed
El Chapo,3,Crime TV Shows,2018,7.8,17992,44,2017,Renewed
Smoking,1,Crime TV Shows,2018,7.4,456,24,2018,Cancelled
Welcome to the Family,1,International TV Shows,2018,6.6,442,48,2018,Cancelled
Amazing Interiors,1,British TV Shows,2018,6.6,797,26,2018,Cancelled
Dark Tourist,1,Docuseries,2018,7.5,7158,41,2018,Cancelled
Home: Adventures with Tip & Oh,4,Kids' TV,2018,5.9,603,21,2016,Renewed
Jimmy: The True Story of a True Idiot,1,International TV Shows,2018,6.8,77,42,2018,Cancelled
The Joel McHale Show with Joel McHale,2,Stand-Up Comedy & Talk Shows,2018,7.1,2378,29,2018,Renewed
Meteor Garden,1,International TV Shows,2018,7.9,3921,45,2018,Cancelled
Mossad 101,2,International TV Shows,2017,6.8,632,42,2015,Renewed
Baby Ballroom,2,British TV Shows,2018,7.8,198,45,2017,Renewed
Drug Lords,2,Crime TV Shows,2018,6.8,1305,45,2018,Renewed
Mr. Sunshine,1,International TV Shows,2018,8.699999999999998,6855,76,2018,Cancelled
First Team: Juventus,2,Docuseries,2018,7.3,2061,36,2018,Renewed
NCIS,15,Crime TV Shows,2017,7.8,141049,44,2003,Renewed
Somewhere Between,1,Crime TV Shows,2017,6.2,5746,42,2017,Cancelled
Kiss Me First,1,British TV Shows,2018,6.2,3874,47,2018,Cancelled
Borges,1,International TV Shows,2018,6.2,168,24,2018,Cancelled
Life Sentence,1,TV Dramas,2018,6.4,3855,42,2018,Cancelled
The Staircase,1,Crime TV Shows,2018,7.8,21531,49,2004,Cancelled
The Night Shift,4,TV Dramas,2017,7.5,12069,42,2014,Renewed
Dinosaur King,2,Anime Series,2008,5.6,720,21,2007,Renewed
November 13: Attack on Paris,1,Crime TV Shows,2018,8.3,3105,54,2018,Cancelled
Unbreakable Kimmy Schmidt,4,TV Comedies,2019,7.6,70242,30,2015,Renewed
Arrested Development,5,TV Comedies,2019,8.699999999999998,297552,28,2003,Renewed
The Break with Michelle Wolf,1,Stand-Up Comedy & Talk Shows,2018,5.1,1862,30,2018,Cancelled
Something in the Rain,1,International TV Shows,2018,8.199999999999998,5654,70,2018,Cancelled
Mob Psycho 100,1,International TV Shows,2018,5.2,509,24,2018,Cancelled
Inspector Gadget,4,Crime TV Shows,2017,4.5,614,21,2015,Renewed
Bill Nye Saves the World,3,Stand-Up Comedy & Talk Shows,2018,3.5,7233,30,2017,Renewed
Evil Genius,1,Crime TV Shows,2018,7.5,27516,48,2018,Cancelled
The Who Was? Show,1,Kids' TV,2018,6.8,604,25,2018,Cancelled
A Little Help with Carol Burnett,1,Stand-Up Comedy & Talk Shows,2018,6.3,233,34,2018,Cancelled
Kong: King of the Apes,2,Kids' TV,2018,5.9,325,21,2016,Renewed
Simon,1,Kids' TV,2016,7,127,5,2016,Cancelled
Black Crows,1,International TV Shows,2017,5.4,295,39,2017,Cancelled
Bobby Kennedy for President,1,Docuseries,2018,8.1,1759,61,2018,Cancelled
The Honeymoon Stand Up Special,1,Stand-Up Comedy & Talk Shows,2018,6.8,515,31,2018,Cancelled
The Magic School Bus Rides Again,2,Kids' TV,2018,6.2,812,25,2017,Renewed
AMO,1,International TV Shows,2017,6.6,410,24,2018,Cancelled
Wakfu,3,Kids' TV,2017,8.1,1469,22,2008,Renewed
Fallet,1,Crime TV Shows,2017,6.8,1873,28,2017,Cancelled
Rapture,1,Docuseries,2018,5.4,11,60,2018,Cancelled
Trailer Park Boys,12,Classic & Cult TV,2018,8.6,41791,25,2001,Renewed
Trump: An American Dream,1,Docuseries,2018,7.2,4003,55,2017,Cancelled
James Acaster: Repertoire,1,British TV Shows,2018,8.4,3545,52,2018,Cancelled
Requiem,1,British TV Shows,2018,6.4,6421,58,2018,Cancelled
The Standups,2,Stand-Up Comedy & Talk Shows,2018,6.6,1225,30,2017,Renewed
Edha,1,International TV Shows,2018,4.9,632,40,2018,Cancelled
Wild Wild Country,1,Crime TV Shows,2018,8.1,29298,67,2018,Cancelled
Tabula Rasa,1,International TV Shows,2017,8,10161,52,2017,Cancelled
Children of the Whales,1,Anime Series,2017,7.1,1524,24,2017,Cancelled
Collateral,1,British TV Shows,2018,6.7,17304,57,2018,Cancelled
Bad Guys: Vile City,1,Crime TV Shows,2018,6,29,64,2017,Cancelled
Borderliner,1,Crime TV Shows,2017,6.8,3999,49,2017,Cancelled
Flint Town,1,Docuseries,2018,7.9,3633,45,2018,Cancelled
Best Lover,1,International TV Shows,2016,6.8,74,45,2016,Cancelled
Marseille,2,International TV Shows,2018,6.9,5083,46,2016,Renewed
Seven Seconds,1,Crime TV Shows,2018,7.7,15323,62,2018,Cancelled
Hitler's Circle of Evil,1,British TV Shows,2017,8,4241,52,2018,Cancelled
Dragons: Race to the Edge,6,Kids' TV,2018,8.199999999999998,6161,22,2015,Renewed
Everything Sucks!,1,TV Comedies,2018,7.5,18023,24,2018,Cancelled
Coach Snoop,1,Docuseries,2018,6.8,583,29,2016,Cancelled
The Adventures of Puss in Boots,6,Kids' TV,2018,6.6,1696,23,2015,Renewed
Prison Playbook,1,International TV Shows,2017,8.5,3060,91,2017,Cancelled
Disjointed,2,TV Comedies,2018,6.8,9980,27,2017,Renewed
Devilman Crybaby,1,Anime Series,2018,7.6,18575,25,2018,Cancelled
Lovesick,3,British TV Shows,2018,8.1,19259,24,2014,Renewed
Part-Time Idol,1,International TV Shows,2017,6.7,108,40,2017,Cancelled
Myths & Monsters,1,British TV Shows,2017,7.8,811,43,2017,Cancelled
72 Dangerous Animals: Latin America,1,Docuseries,2017,6.5,559,43,2017,Cancelled
The Indian Detective,1,Crime TV Shows,2017,6.6,3078,43,2017,Cancelled
"Hello, My Twenties!",2,International TV Shows,2017,8.3,2127,63,2016,Renewed
Wormwood,1,Crime TV Shows,2017,7,4181,43,2017,Cancelled
All Hail King Julien,5,Kids' TV,2017,7,2008,23,2014,Renewed
Kantaro: The Sweet Tooth Salaryman,1,International TV Shows,2017,7.6,791,30,2017,Cancelled
Oggy and the Cockroaches,1,Kids' TV,2017,7.4,4185,9,1999,Cancelled
The Many Faces of Ito,1,International TV Shows,2017,6.7,244,30,2017,Cancelled
Argon,1,International TV Shows,2017,7.3,261,63,2017,Cancelled
Godless,1,TV Dramas,2017,7.6,27,65,2017,Cancelled
Longmire,6,Crime TV Shows,2017,8.3,34362,53,2012,Renewed
Luna Petunia,3,Kids' TV,2017,6.2,58,24,2016,Renewed
Shot in the Dark,1,Reality TV,2017,8,1770,35,2017,Cancelled
The Irregular at Magic High School,1,Anime Series,2014,7.1,3273,24,2014,Cancelled
The Method,1,Crime TV Shows,2015,7.4,2784,51,2015,Cancelled
Blazing Transfer Students,1,International TV Shows,2017,7,116,26,2017,Cancelled
Lady Dynamite,2,TV Comedies,2017,7.3,3655,30,2016,Renewed
Fate/Apocrypha,2,Anime Series,2017,6.6,2259,24,2017,Renewed
Alias Grace,1,Crime TV Shows,2017,7.7,31577,44,2017,Cancelled
Beyond Stranger Things,1,Stand-Up Comedy & Talk Shows,2017,7.4,1883,21,2017,Cancelled
Haters Back Off,2,TV Comedies,2017,6.1,7183,30,2016,Renewed
ID-0,1,Anime Series,2017,6.2,320,24,2017,Cancelled
Kibaoh Klashers,2,Kids' TV,2017,6.3,17,24,2017,Renewed
What She Put on the Table,1,International TV Shows,2017,7.3,30,85,2017,Cancelled
The Royal House of Windsor,1,British TV Shows,2017,7.3,1541,49,2017,Cancelled
Paul Hollywood's Big Continental Road Trip,1,British TV Shows,2017,7.4,206,58,2017,Cancelled
Real Rob,2,TV Comedies,2017,6.4,2801,31,2015,Renewed
Terrace House: Aloha State,4,International TV Shows,2017,7.5,979,36,2016,Renewed
Dark Matter,3,TV Sci-Fi & Fantasy,2017,7.5,41867,43,2015,Renewed
VeggieTales in the City,2,Kids' TV,2017,5.7,110,23,2017,Renewed
Offspring,7,TV Comedies,2017,8.3,4764,44,2010,Renewed
Apaches,1,Crime TV Shows,2016,7,293,67,2018,Cancelled
Fire Chasers,1,Docuseries,2017,6.6,368,58,2017,Cancelled
No Tomorrow,1,Romantic TV Shows,2016,7.3,5101,47,2016,Cancelled
Reign,4,TV Dramas,2017,7.5,47751,42,2013,Renewed
Frequency,1,Crime TV Shows,2016,7.5,13625,18,2016,Cancelled
The Vampire Diaries,8,TV Dramas,2016,7.7,310776,42,2009,Renewed
A House of Blocks,1,International TV Shows,2017,2.3,137,84,2017,Cancelled
Gurren Lagann,1,Anime Series,2007,8.3,17024,24,2007,Cancelled
High Risk,1,Docuseries,1988,3.8,6,50,1988,Cancelled
LEGO Elves: Secrets of Elvendale,1,Kids' TV,2017,6.9,163,24,2017,Cancelled
Narcos,3,Crime TV Shows,2017,8.8,404486,52,2015,Renewed
Dinotrux,5,Kids' TV,2017,6.8,458,23,2015,Renewed
20 Minutes,1,Crime TV Shows,2013,7.3,1681,45,2013,Cancelled
Million Yen Women,1,Crime TV Shows,2017,7.6,1794,30,2017,Cancelled
Wet Hot American Summer: Ten Years Later,1,TV Comedies,2017,6.9,8502,27,2017,Cancelled
Fartsa,1,Crime TV Shows,2015,6.7,195,60,2015,Cancelled
Life Plan A and B,1,International TV Shows,2016,7.8,106,80,2017,Cancelled
Love Storm,1,International TV Shows,2016,5.5,325,87,2016,Cancelled
Surviving Escobar - Alias JJ,1,Crime TV Shows,2017,7.7,985,42,2017,Cancelled
The IT Crowd,5,British TV Shows,2013,8.5,147409,25,2006,Renewed
Daughters of Destiny,1,Docuseries,2017,8.6,900,0,2017,Cancelled
Dawn of the Croods,4,Kids' TV,2017,5.8,712,23,2015,Renewed
Degrassi: Next Class,4,International TV Shows,2017,6.8,3205,24,2016,Renewed
Diamond Lover,1,International TV Shows,2015,6.4,138,45,2015,Cancelled
The Legend of Bruce Lee,1,International TV Shows,2008,7,1422,45,2008,Cancelled
Against the Tide,1,Crime TV Shows,2014,7.6,11,44,2014,Cancelled
Breakout,1,International TV Shows,2010,6.7,7,44,2010,Cancelled
Intersection,3,International TV Shows,2016,6.7,1152,97,2016,Renewed
Learning Songs by Little Baby Bum: Nursery Rhyme Friends,1,British TV Shows,2015,4.2,9,30,2017,Cancelled
Mystic Whispers,1,International TV Shows,2014,6.9,17,26,2014,Cancelled
The Oath,1,International TV Shows,2011,7.9,9,44,2011,Cancelled
The Truth Seekers,1,Crime TV Shows,2016,7.1,16,44,2016,Cancelled
The Ultimatum,1,International TV Shows,2009,5.4,6,44,2009,Cancelled
Unriddle,2,Crime TV Shows,2012,8,25,44,2010,Renewed
Yours Fatefully,1,International TV Shows,2012,6.8,14,44,2012,Cancelled
Criminal Minds,12,Crime TV Shows,2017,8.1,189191,44,2005,Renewed
Gypsy,1,TV Dramas,2017,6.8,16133,59,2017,Cancelled
Young & Hungry,5,TV Comedies,2017,7.3,15627,21,2014,Renewed
Pac-Man and the Ghostly Adventures,2,Kids' TV,2014,4.8,635,22,2013,Renewed
Aquarius,2,Crime TV Shows,2016,7.1,12112,43,2015,Renewed
World of Winx,2,Kids' TV,2017,6.6,715,23,2016,Renewed
My Little Baby,1,Crime TV Shows,2016,6.9,103,37,2016,Cancelled
Singles Villa,1,International TV Shows,2015,7.7,28,45,2015,Cancelled
Under the Black Moonlight,1,International TV Shows,2016,5,56,10,2016,Cancelled
My Only Love Song,1,International TV Shows,2017,7,647,36,2017,Cancelled
Crashing,1,British TV Shows,2016,7.7,18546,30,2016,Cancelled
Flaked,2,TV Comedies,2017,7.2,11264,32,2016,Renewed
Mind Game,1,Crime TV Shows,2015,7.5,12,44,2015,Cancelled
The Dream Job,1,International TV Shows,2016,6.1,14,44,2016,Cancelled
Bloodline,3,TV Dramas,2017,7.9,50028,57,2015,Renewed
Highland: Thailand's Marijuana Awakening,1,Docuseries,2017,6.2,24,20,2017,Cancelled
The Keepers,1,Crime TV Shows,2017,7.6,14,56,2017,Cancelled
All Hail King Julien: Exiled,1,Kids' TV,2017,7.5,559,23,2017,Cancelled
Kazoops!,3,Kids' TV,2017,7.5,122,11,2016,Renewed
Girlboss,1,TV Comedies,2017,7,17525,27,2017,Cancelled
Hot Girls Wanted: Turned On,1,Docuseries,2017,6.6,2168,47,2017,Cancelled
The Miracle,1,International TV Shows,2016,6.3,210,18,2016,Cancelled
The Get Down,2,TV Dramas,2017,8.199999999999998,22304,62,2016,Renewed
Five Came Back,1,Docuseries,2017,8.3,4600,65,2017,Cancelled
Bottersnikes & Gumbles,2,British TV Shows,2017,5.1,47,13,2016,Renewed
Dave Chappelle,1,Stand-Up Comedy & Talk Shows,2017,8.699999999999998,2753,60,2017,Cancelled
One-Punch Man,1,Anime Series,2015,8.699999999999998,148386,24,2015,Cancelled
Julie's Greenroom,1,Kids' TV,2017,8.199999999999998,328,26,2017,Cancelled
Outback Truckers,3,Reality TV,2015,7.4,264,44,2012,Renewed
Samurai Gourmet,1,International TV Shows,2017,8.1,2053,22,2017,Cancelled
Cheer Squad,1,Reality TV,2016,7.2,166,42,2016,Cancelled
Buddy Thunderstruck,1,Kids' TV,2017,7.8,489,22,2017,Cancelled
One More Time,1,International TV Shows,2016,6.9,564,31,2016,Cancelled
Legend Quest,1,Kids' TV,2017,7.3,446,26,2017,Cancelled
The Sound of Your Heart,1,International TV Shows,2016,8.199999999999998,1075,24,2016,Cancelled
Spark,1,International TV Shows,2016,7,57,13,2016,Cancelled
White Nights,1,International TV Shows,2016,6.9,287,62,2016,Cancelled
Cyborg 009: Call of Justice,1,Anime Series,2017,5.7,217,24,2017,Cancelled
Star Trek: Deep Space Nine,7,TV Action & Adventure,1999,8.1,61145,47,1993,Renewed
My Runway,1,International TV Shows,2016,6.3,261,25,2016,Cancelled
Chasing Cameron,1,Reality TV,2016,3.8,501,28,2016,Cancelled
Sense8,2,Crime TV Shows,2018,8.199999999999998,151518,62,2015,Renewed
Crazyhead,1,British TV Shows,2016,7.2,4985,43,2016,Cancelled
InuYasha,2,Anime Series,2001,7.9,15823,25,2000,Renewed
Merlin,5,British TV Shows,2012,7.9,80138,44,2008,Renewed
Tokyo Trial,1,International TV Shows,2017,7.4,1544,49,2016,Cancelled
Captive,1,Crime TV Shows,2016,6.8,724,63,2016,Cancelled
White Rabbit Project,1,Docuseries,2016,6.9,1665,48,2016,Cancelled
Miss in Kiss,1,International TV Shows,2016,7.7,98,36,2016,Cancelled
The Cuba Libre Story,1,Docuseries,2015,7.6,1583,45,2015,Cancelled
Back to 1989,1,International TV Shows,2016,8,106,44,2016,Cancelled
Gilmore Girls: A Year in the Life,1,TV Comedies,2016,7.6,36359,92,2016,Cancelled
Paranoid,1,British TV Shows,2016,6.7,8343,44,2016,Cancelled
Einsatzgruppen: The Nazi Death Squads,1,Docuseries,2009,7.6,603,44,2009,Cancelled
Case,1,Crime TV Shows,2015,7,2688,46,2015,Cancelled
Danger Mouse,2,British TV Shows,2016,7.4,3514,15,1981,Renewed
Danger Mouse,2,British TV Shows,2016,7.2,579,12,2015,Renewed
Inborn Pair,1,International TV Shows,2011,7.1,108,43,2011,Cancelled
Trailer Park Boys: Out of the Park: Europe,1,International TV Shows,2016,7,2285,30,2016,Cancelled
DEATH NOTE,1,Anime Series,2006,9,302147,24,2006,Cancelled
Spotless,1,Crime TV Shows,2015,7.7,3635,58,2015,Cancelled
Vampire Knight,2,Anime Series,2008,7.3,5172,25,2008,Renewed
StoryBots Super Songs,1,Kids' TV,2016,8.8,167,21,2016,Cancelled
Masha's Spooky Stories,1,Kids' TV,2012,6.1,65,5,2014,Cancelled
Old Money,1,International TV Shows,2015,7.3,493,47,2015,Cancelled
VeggieTales in the House,4,Kids' TV,2016,4.3,300,18,2014,Renewed
Chef's Table: France,1,Docuseries,2016,8.199999999999998,1723,60,2016,Cancelled
Kulipari: An Army of Frogs,1,Kids' TV,2016,6.9,254,24,2016,Cancelled
Conspiracy,1,British TV Shows,2015,6.2,367,43,2015,Cancelled
Dead Set,1,British TV Shows,2008,7.6,19684,141,2008,Cancelled
The Fierce Wife,1,International TV Shows,2010,6.8,90,59,2010,Cancelled
Behind Enemy Lines,1,British TV Shows,2001,7.2,42,49,2001,Cancelled
Cocaine,1,British TV Shows,2005,7.1,60,44,2005,Cancelled
Edge of the Universe,1,British TV Shows,2008,7.2,206,49,2002,Cancelled
Popples,3,Kids' TV,2016,6,57,25,2015,Renewed
Kuromukuro,2,Anime Series,2016,7.2,1265,24,2016,Renewed
Marco Polo,2,TV Action & Adventure,2016,8,71229,55,2014,Renewed
Hibana: Spark,1,International TV Shows,2016,7.9,798,53,2016,Cancelled
72 Cutest Animals,1,Docuseries,2016,5.7,433,27,2016,Cancelled
72 Dangerous Places to Live,1,Docuseries,2016,6.2,344,49,2016,Cancelled
Justin Time,2,Kids' TV,2012,6,16,15,2011,Renewed
Terrace House: Boys & Girls in the City,2,International TV Shows,2016,8.1,1624,29,2015,Renewed
Netflix Presents: The Characters,1,TV Comedies,2016,5.3,835,31,2016,Cancelled
Cooked,1,Docuseries,2016,7.6,43,53,2016,Cancelled
Turbo FAST,3,Kids' TV,2016,6.5,593,19,2013,Renewed
Chelsea Does,1,Docuseries,2016,7.3,2471,60,2016,Cancelled
Sammy & Co,1,Kids' TV,2014,5.6,30,14,2014,Cancelled
Atelier,1,International TV Shows,2015,6.3,7,69,2015,Cancelled
Hemlock Grove,3,TV Horror,2015,7,39590,49,2013,Renewed
Oscar's Oasis,1,Kids' TV,2011,7.4,572,9,2010,Cancelled
Lilyhammer,3,Crime TV Shows,2014,7.9,29196,45,2012,Renewed
Goosebumps,5,Kids' TV,1998,7.6,13361,22,1995,Renewed
The Borgias,3,TV Dramas,2013,7.9,50556,51,2011,Renewed
The 4400,4,TV Dramas,2007,7.3,44971,44,2004,Renewed
Breaking Bad,5,Crime TV Shows,2013,9.5,1727694,48,2008,Renewed
Bitter Daisies,1,Crime TV Shows,2018,7.2,3274,71,2018,Cancelled
Married at First Sight,1,Reality TV,2019,6.1,1975,64,2014,Cancelled
Mystery Science Theater 3000,1,TV Comedies,1999,8.199999999999998,3605,86,2017,Cancelled
Rebelde,1,International TV Shows,2004,6.2,2122,39,2022,Cancelled
Servant of the People,1,International TV Shows,2015,7.3,2706,29,2015,Cancelled
